run_id,implementation,platform,security,benchmark,duration_s,total_cams,throughput_cams_s,latency_mean_us,latency_std_us,latency_p50_us,latency_p95_us,latency_p99_us,latency_min_us,latency_max_us,sign_latency_mean_us
1,pypy_3.11,laptop,off,rx,60.000,1071711,17861.8,20.62,75.68,18.82,39.05,70.24,10.76,24095.05,0.00
2,pypy_3.11,laptop,off,rx,60.000,1024350,17072.5,18.71,72.07,12.72,30.77,63.00,10.76,20979.13,0.00
3,pypy_3.11,laptop,off,rx,60.000,993129,16552.1,22.54,76.96,22.59,36.59,66.84,10.81,22445.74,0.00
4,pypy_3.11,laptop,off,rx,60.000,1006326,16772.1,17.24,65.96,12.22,29.05,62.52,10.74,22072.50,0.00
5,pypy_3.11,laptop,off,rx,60.000,1064089,17734.8,19.59,67.84,20.50,30.99,63.03,10.79,21350.58,0.00
6,pypy_3.11,laptop,off,rx,60.000,1059055,17650.9,21.59,72.93,21.86,34.85,66.97,10.71,21661.24,0.00
7,pypy_3.11,laptop,off,rx,60.000,1053970,17566.1,20.09,72.86,20.94,31.27,62.78,10.72,24459.34,0.00
8,pypy_3.11,laptop,off,rx,60.000,1037008,17283.4,19.31,61.19,14.83,31.17,62.52,10.80,20722.94,0.00
9,pypy_3.11,laptop,off,rx,60.000,1069804,17830.0,21.08,72.41,21.73,32.67,64.94,10.80,21072.97,0.00
10,pypy_3.11,laptop,off,rx,60.000,1034050,17234.1,21.68,70.39,22.33,33.44,65.93,10.80,22451.38,0.00
11,pypy_3.11,laptop,off,rx,60.000,1062059,17701.0,19.68,67.38,20.52,31.34,62.72,10.84,21052.97,0.00
12,pypy_3.11,laptop,off,rx,60.000,1016245,16937.4,18.66,71.84,12.80,31.04,64.31,10.74,22835.79,0.00
13,pypy_3.11,laptop,off,rx,60.000,1062500,17708.3,19.80,74.22,20.43,31.77,63.67,10.66,23161.52,0.00
14,pypy_3.11,laptop,off,rx,60.000,981185,16353.0,18.64,66.95,12.84,31.10,63.89,10.84,21220.49,0.00
15,pypy_3.11,laptop,off,rx,60.000,1081490,18024.8,17.58,59.62,12.66,28.01,62.86,10.75,21754.71,0.00
16,pypy_3.11,laptop,off,rx,60.000,1036022,17267.0,21.00,67.38,21.87,32.39,65.14,10.80,21241.56,0.00
17,pypy_3.11,laptop,off,rx,60.000,1055789,17596.4,18.63,66.12,12.93,30.07,62.40,10.78,22113.13,0.00
18,pypy_3.11,laptop,off,rx,60.000,1057482,17624.7,18.23,64.85,12.71,29.08,62.70,10.95,20335.75,0.00
19,pypy_3.11,laptop,off,rx,60.000,1050152,17502.5,20.74,74.14,21.45,32.63,64.49,10.85,21684.95,0.00
20,pypy_3.11,laptop,off,rx,60.000,1010966,16849.4,20.48,69.27,21.51,32.49,64.95,10.82,21717.61,0.00
21,pypy_3.11,laptop,off,rx,60.000,1011082,16851.3,20.29,72.77,21.39,32.04,63.89,10.77,22597.27,0.00
22,pypy_3.11,laptop,off,rx,60.000,1050572,17509.5,16.59,62.96,12.11,26.21,60.96,10.75,21534.30,0.00
23,pypy_3.11,laptop,off,rx,60.000,1063254,17720.9,17.16,68.47,12.25,26.53,61.70,10.68,22309.05,0.00
24,pypy_3.11,laptop,off,rx,60.001,1068574,17809.4,20.83,69.14,21.73,33.01,64.30,10.83,20772.74,0.00
25,pypy_3.11,laptop,off,rx,60.000,1082694,18044.9,18.65,64.52,12.98,30.37,62.58,10.92,24124.88,0.00
26,pypy_3.11,laptop,off,rx,60.000,1078012,17966.8,18.49,61.31,12.88,30.12,62.22,10.84,22528.00,0.00
27,pypy_3.11,laptop,off,rx,60.000,1076006,17933.3,20.61,62.64,21.74,32.61,64.10,10.99,21588.73,0.00
28,pypy_3.11,laptop,off,rx,60.000,1063353,17722.5,18.11,58.99,12.68,29.74,63.20,10.85,23097.53,0.00
29,pypy_3.11,laptop,off,rx,60.000,1080401,18006.7,18.12,72.52,12.57,29.17,63.69,10.78,21725.32,0.00
30,pypy_3.11,laptop,off,rx,60.000,1044066,17401.0,20.04,73.67,20.90,31.87,62.90,10.83,22492.48,0.00
1,rust,rpi5,off,rx,60,1755590,29259.8,5.23,1.47,4.65,8.07,9.63,3.95,929.85,0
2,rust,rpi5,off,rx,60,1903633,31727.2,5.63,1.4,4.78,8.11,9.04,4,43.91,0
3,rust,rpi5,off,rx,60,1874795,31246.5,5.61,1.39,4.78,8.13,9.17,4,46.15,0
4,rust,rpi5,off,rx,60,1255373,20922.9,5.78,1.45,5.52,8.7,10.39,4,53.2,0
5,rust,rpi5,off,rx,60,1793349,29889.1,5.48,1.32,4.72,8.07,8.96,3.98,62.67,0
6,rust,rpi5,off,rx,60,1851014,30850.2,5.49,1.33,4.72,8.04,9.02,4,45.63,0
7,rust,rpi5,off,rx,60,1907823,31797,5.58,1.37,4.76,8.07,9.04,3.98,26.24,0
8,rust,rpi5,off,rx,60,1822135,30368.9,5.64,1.37,4.83,8.07,9.07,3.98,39.46,0
9,rust,rpi5,off,rx,60,1858848,30980.8,5.66,1.37,4.85,8.15,9.04,4,36,0
10,rust,rpi5,off,rx,60,1863491,31058.2,5.65,1.36,4.91,8.09,9,3.98,47.15,0
11,rust,rpi5,off,rx,60,1885310,31421.8,5.61,1.35,4.83,8.04,9.17,3.96,28.95,0
12,rust,rpi5,off,rx,60,1859564,30992.7,5.63,1.36,4.81,8.11,9.02,3.95,30.83,0
13,rust,rpi5,off,rx,60,1887056,31450.9,5.7,1.4,5.11,8.11,9.2,3.96,34.07,0
14,rust,rpi5,off,rx,60,1887594,31459.9,5.68,1.38,5.09,8.15,9.02,3.96,29.83,0
15,rust,rpi5,off,rx,60,1873664,31227.7,5.64,1.36,4.94,8.11,8.93,3.98,36.57,0
16,rust,rpi5,off,rx,60,1860349,31005.8,5.62,1.36,4.83,8.07,9.11,3.98,41.81,0
17,rust,rpi5,off,rx,60,1930130,32168.8,5.65,1.37,4.83,8.07,8.95,4,32.74,0
18,rust,rpi5,off,rx,60,1799582,29993,5.46,1.29,4.72,7.98,9,4,46.78,0
19,rust,rpi5,off,rx,60,1782312,29705.2,5.47,1.31,4.72,8.04,8.89,4,35.95,0
20,rust,rpi5,off,rx,60,1787109,29785.1,5.53,1.35,4.74,8.07,9.13,4,46.95,0
21,rust,rpi5,off,rx,60,1766612,29443.5,5.44,1.3,4.7,8.02,8.93,4,43.65,0
22,rust,rpi5,off,rx,60,1776382,29606.4,5.39,1.27,4.69,7.98,8.96,4.02,37.09,0
23,rust,rpi5,off,rx,60,1778070,29634.5,5.5,1.31,4.74,8.02,8.89,4,33.19,0
24,rust,rpi5,off,rx,60,1648849,27480.8,5.52,1.37,4.74,8.11,9.5,3.98,25.57,0
25,rust,rpi5,off,rx,60,1781571,29692.8,5.55,1.34,4.76,8.11,8.89,4,40.87,0
26,rust,rpi5,off,rx,60,1779411,29656.8,5.48,1.3,4.72,8,8.87,3.95,30.5,0
27,rust,rpi5,off,rx,60,1753447,29224.1,5.47,1.3,4.72,8.02,8.85,3.94,32.33,0
28,rust,rpi5,off,rx,60,1761127,29352.1,5.41,1.27,4.7,7.98,8.89,3.98,54.45,0
29,rust,rpi5,off,rx,60,1845323,30755.4,5.63,1.34,4.83,8.09,8.89,4,39.35,0
30,rust,rpi5,off,rx,60,1854596,30909.9,5.64,1.37,4.87,8.13,9.04,4.02,36.59,0
1,rust-cv2x,mk6,off,rx,60.001,83353,1389.2,58.65,21.83,51.75,100.26,126.76,37,910.32,0
2,rust-cv2x,mk6,off,rx,60,87696,1461.6,57.43,21.09,50.88,97.76,124.63,36.63,986.08,0
3,rust-cv2x,mk6,off,rx,60.005,86604,1443.3,59.07,21.18,52.75,99.26,125.64,37.75,1248.97,0
4,rust-cv2x,mk6,off,rx,60.003,85936,1432.2,57.82,20.84,51.13,98.26,125.26,36.75,830.57,0
5,rust-cv2x,mk6,off,rx,60.003,87493,1458.1,59.04,20.79,52.63,100.63,126.38,37.88,734.56,0
6,rust-cv2x,mk6,off,rx,60.001,86502,1441.7,57.42,21,51,97.38,124.13,36.63,994.33,0
7,rust-cv2x,mk6,off,rx,60.001,84399,1406.6,58.95,26.93,52.5,99.76,125.64,37.5,4973.89,0
8,rust-cv2x,mk6,off,rx,60,84747,1412.4,56.88,21.34,50.25,97.63,123.13,36.25,952.07,0
9,rust-cv2x,mk6,off,rx,60,85244,1420.7,59.99,22.27,53.13,101.38,127.76,38,1928.9,0
10,rust-cv2x,mk6,off,rx,60.001,87359,1456,57.07,21.18,50.5,97.76,124.64,36.38,815.81,0
11,rust-cv2x,mk6,off,rx,60.001,84282,1404.7,57.4,25.31,50.88,98.38,124.13,36.63,3978.31,0
12,rust-cv2x,mk6,off,rx,60.002,85801,1430,57.76,21.49,51.25,98.13,123.89,36.88,2346.68,0
13,rust-cv2x,mk6,off,rx,60,86026,1433.8,57.88,21.29,51.13,98.76,124.76,36.75,580.92,0
14,rust-cv2x,mk6,off,rx,60.001,87389,1456.5,58.9,21.56,52.63,99.13,125.38,37.75,1637.5,0
15,rust-cv2x,mk6,off,rx,60.001,86486,1441.4,57.27,20.62,50.88,97.76,124.38,36.5,681.3,0
16,rust-cv2x,mk6,off,rx,60.001,86091,1434.8,57.37,20.4,51,98.01,123.76,36.75,801.56,0
17,rust-cv2x,mk6,off,rx,60,82988,1383.1,56.98,24.05,50.13,98.51,124.51,36,3362.26,0
18,rust-cv2x,mk6,off,rx,60,85769,1429.5,57.82,20.68,51.38,98.88,124.76,36.88,657.18,0
19,rust-cv2x,mk6,off,rx,60,85519,1425.3,57.36,20.17,51,98.13,124.01,36.63,717.06,0
20,rust-cv2x,mk6,off,rx,60,85696,1428.3,59.21,21.49,52.75,100.01,126.01,37.75,971.45,0
21,rust-cv2x,mk6,off,rx,60.01,88471,1474.3,56.42,20.05,50,96.01,122.76,36,599.55,0
22,rust-cv2x,mk6,off,rx,60.003,85043,1417.3,57.45,20.73,50.88,98.13,124.38,36.63,536.54,0
23,rust-cv2x,mk6,off,rx,60.001,84348,1405.8,56.71,20.56,50.13,97.38,123.51,36,602.42,0
24,rust-cv2x,mk6,off,rx,60.001,86011,1433.5,57.07,21.58,50.38,99.51,124.13,36.25,952.32,0
25,rust-cv2x,mk6,off,rx,60,84665,1411.1,57.44,21.08,51,97.51,123.89,36.75,1490.49,0
26,rust-cv2x,mk6,off,rx,60,84480,1408,59.97,21.29,53.63,100.51,126.89,38.5,764.68,0
27,rust-cv2x,mk6,off,rx,60.001,82838,1380.6,57.22,27.85,50.38,98.38,123.89,36.25,5316.16,0
28,rust-cv2x,mk6,off,rx,60,87742,1462.4,59.1,22.26,52.63,99.51,126.26,37.88,1614.88,0
29,rust-cv2x,mk6,off,rx,60.004,83374,1389.5,58.23,20.78,51.63,99.51,124.51,36.88,563.67,0
30,rust-cv2x,mk6,off,rx,60.011,84660,1410.7,56.98,23.26,50.5,97.51,123.26,36.38,3171.12,0
1,rust,rpi5,off,tx,60,2033612,33893.5,29.01,0.98,28.82,29.69,33.76,27.76,115.13,0
2,rust,rpi5,off,tx,60,2032820,33880.3,29.02,0.95,28.83,29.8,33.65,27.76,85.19,0
3,rust,rpi5,off,tx,60,2034224,33903.7,29,0.98,28.82,29.65,33.78,27.76,122.19,0
4,rust,rpi5,off,tx,60,2037311,33955.2,28.95,0.94,28.8,29.57,33.57,27.8,90.06,0
5,rust,rpi5,off,tx,60,2040405,34006.7,28.91,0.98,28.74,29.61,33.67,27.76,131.78,0
6,rust,rpi5,off,tx,60,2061883,34364.7,28.6,1.01,28.45,29.33,33.07,27.28,94.17,0
7,rust,rpi5,off,tx,60,2036194,33936.6,28.97,0.97,28.8,29.61,33.7,27.65,112.87,0
8,rust,rpi5,off,tx,60,2034218,33903.6,29,1.14,28.83,29.67,33.8,27.78,770.33,0
9,rust,rpi5,off,tx,60,2040965,34016.1,28.9,0.96,28.72,29.59,33.57,27.74,91.65,0
10,rust,rpi5,off,tx,60,2064336,34405.6,28.56,1.05,28.37,29.28,33.26,27.22,89.28,0
11,rust,rpi5,off,tx,60,2044118,34068.6,28.85,0.96,28.69,29.59,33.46,27.74,99.59,0
12,rust,rpi5,off,tx,60,2034064,33901.1,29,0.97,28.82,29.65,33.81,27.85,99.06,0
13,rust,rpi5,off,tx,60,2030741,33845.7,29.05,0.97,28.87,29.74,33.76,27.72,146.37,0
14,rust,rpi5,off,tx,60,2039189,33986.5,28.92,0.94,28.76,29.65,33.46,27.74,92.3,0
15,rust,rpi5,off,tx,60,2035129,33918.8,28.98,0.96,28.82,29.57,33.67,27.7,120.31,0
16,rust,rpi5,off,tx,60,2023163,33719.4,29.16,1.09,28.98,29.87,33.89,27.83,250.56,0
17,rust,rpi5,off,tx,60,2042510,34041.8,28.88,0.99,28.7,29.57,33.65,27.76,149.68,0
18,rust,rpi5,off,tx,60,2033817,33896.9,29,0.97,28.83,29.63,33.7,27.8,100.91,0
19,rust,rpi5,off,tx,60,2070438,34507.3,28.48,0.95,28.31,29.13,32.91,27.28,148.35,0
20,rust,rpi5,off,tx,60,2045650,34094.2,28.83,0.96,28.67,29.57,33.48,27.7,99.78,0
21,rust,rpi5,off,tx,60,2058603,34310,28.65,0.97,28.48,29.26,33.28,27.37,117.44,0
22,rust,rpi5,off,tx,60,2042472,34041.2,28.88,0.95,28.72,29.48,33.45,27.74,107.17,0
23,rust,rpi5,off,tx,60,2062046,34367.4,28.6,0.95,28.43,29.3,33.17,27.35,126.28,0
24,rust,rpi5,off,tx,60,2056067,34267.8,28.68,0.96,28.54,29.33,33.26,27.37,108.44,0
25,rust,rpi5,off,tx,60,2069761,34496,28.49,0.97,28.3,29.18,33.11,27.19,114.41,0
26,rust,rpi5,off,tx,60,2038926,33982.1,28.93,0.95,28.76,29.67,33.46,27.78,108.26,0
27,rust,rpi5,off,tx,60,2036508,33941.8,28.96,0.96,28.78,29.82,33.65,27.74,105.2,0
28,rust,rpi5,off,tx,60,2047224,34120.4,28.81,0.98,28.63,29.57,33.48,27.68,104.32,0
29,rust,rpi5,off,tx,60,2038341,33972.3,28.94,0.95,28.78,29.59,33.54,27.81,100.11,0
30,rust,rpi5,off,tx,60,2066367,34439.4,28.54,0.93,28.37,29.18,33.04,27.28,97.5,0
1,rust,rpi5,on,tx,60,143133,2385.5,418.68,66.47,414.84,421.35,423.06,22.02,6526.59,0
2,rust,rpi5,on,tx,60,143323,2388.7,418.12,92.95,414.5,422.28,424.09,21.74,20396.23,0
3,rust,rpi5,on,tx,60,143449,2390.8,417.75,68.2,414.46,421,422.39,21.96,5251.09,0
4,rust,rpi5,on,tx,60,143269,2387.8,418.28,104.09,414.71,422.56,424.32,23.7,23578.94,0
5,rust,rpi5,on,tx,60,143337,2388.9,418.08,70.84,414.56,421.11,422.76,22.55,11970.8,0
6,rust,rpi5,on,tx,60,143141,2385.7,418.66,81.17,414.89,421.69,423.41,21.91,8901.56,0
7,rust,rpi5,on,tx,60,143215,2386.9,418.44,65.74,414.67,421.26,422.94,21.74,6259.29,0
8,rust,rpi5,on,tx,60,143360,2389.3,418.02,74.79,414.52,420.93,422.43,22.65,8234.55,0
9,rust,rpi5,on,tx,60,143389,2389.8,417.93,65.57,414.54,421.04,422.98,22.7,7445.76,0
10,rust,rpi5,on,tx,60,143261,2387.7,418.31,68.89,414.61,421.17,423.13,21.52,7603.39,0
11,rust,rpi5,on,tx,60,143405,2390.1,417.88,72.34,414.52,420.94,422.78,22.74,6736.86,0
12,rust,rpi5,on,tx,60,142988,2383.1,419.11,85.24,415.07,421.85,423.52,23.5,8672.89,0
13,rust,rpi5,on,tx,60,143380,2389.7,417.96,79.48,414.5,420.85,422.59,21.8,7604.2,0
14,rust,rpi5,on,tx,60,143660,2394.3,417.14,104.32,414.57,420.85,423.22,22.68,28887.65,0
15,rust,rpi5,on,tx,60,143231,2387.2,418.39,69.17,414.89,421.61,423.45,23.17,7330.35,0
16,rust,rpi5,on,tx,60,142683,2378,420,68.25,419.74,422.11,423.39,22.98,5930.42,0
17,rust,rpi5,on,tx,60,143373,2389.5,417.98,106.98,414.5,420.91,422.72,22.87,17454.24,0
18,rust,rpi5,on,tx,60,143249,2387.5,418.34,76.05,414.67,421.21,422.7,23.22,13389.58,0
19,rust,rpi5,on,tx,60,143251,2387.5,418.33,73.62,414.89,421.48,423.13,23.65,7100.35,0
20,rust,rpi5,on,tx,60,143273,2387.9,418.27,73.03,414.83,421.57,423.3,23.28,8210.83,0
21,rust,rpi5,on,tx,60,143229,2387.1,418.4,73.23,414.63,421.19,422.89,22.43,11398.1,0
22,rust,rpi5,on,tx,60,143188,2386.5,418.52,73.82,414.61,421.2,423.04,24.28,5892.71,0
23,rust,rpi5,on,tx,60,142957,2382.6,419.19,65.75,415.3,421.96,423.63,24.17,8337.03,0
24,rust,rpi5,on,tx,60,143176,2386.3,418.55,78.36,414.69,421.57,423.59,20.63,11864.58,0
25,rust,rpi5,on,tx,60,143180,2386.3,418.54,77.14,414.65,421.22,422.65,22.83,10102.83,0
26,rust,rpi5,on,tx,60,142948,2382.5,419.22,77.1,415.04,421.87,423.54,21.72,5755.12,0
27,rust,rpi5,on,tx,60,142897,2381.6,419.37,81.95,415.3,422.04,423.85,23.46,17419.86,0
28,rust,rpi5,on,tx,60,143054,2384.2,418.91,92.54,415,421.85,423.26,23.04,24529.69,0
29,rust,rpi5,on,tx,60,143605,2393.4,417.3,77.38,414.41,420.39,422.13,22.45,12593.21,0
30,rust,rpi5,on,tx,60,142907,2381.8,419.34,73.03,415.43,421.96,423.32,24.15,11219.17,0
1,cpython_3.13,rpi5,on,tx,60.001,63864,1064.4,938.61,33.29,938.65,991.8,1014.82,786.13,1251.3,0
2,cpython_3.13,rpi5,on,tx,60.001,63809,1063.5,939.42,33.42,939.35,992.61,1016.06,778.45,1297.45,0
3,cpython_3.13,rpi5,on,tx,60,64084,1068.1,935.35,32.96,935.43,987.74,1010.76,796.63,1232.93,0
4,cpython_3.13,rpi5,on,tx,60,64627,1077.1,927.53,32.92,927.61,980.28,1002.59,765.59,1262.3,0
5,cpython_3.13,rpi5,on,tx,60,63879,1064.6,938.38,33.16,938.41,991.58,1014.15,786.37,1287.65,0
6,cpython_3.13,rpi5,on,tx,60.001,63937,1065.6,937.54,33.22,937.45,990.65,1013.99,795.04,1234.02,0
7,cpython_3.13,rpi5,on,tx,60.001,63923,1065.4,937.74,33.8,937.78,991.69,1015.28,796.91,1295.91,0
8,cpython_3.13,rpi5,on,tx,60,64344,1072.4,931.57,32.76,931.63,983.8,1006.03,775.84,1238.6,0
9,cpython_3.13,rpi5,on,tx,60.001,63439,1057.3,944.88,33.36,944.69,998.41,1021.67,788.54,1238.45,0
10,cpython_3.13,rpi5,on,tx,60,63841,1064,938.94,33.11,938.96,991.89,1015.77,797.56,1264.76,0
11,cpython_3.13,rpi5,on,tx,60.001,63741,1062.3,940.4,35.01,939.98,997.21,1022.55,788.82,1289.6,0
12,cpython_3.13,rpi5,on,tx,60,64150,1069.2,934.4,32.82,934.52,986.47,1009.05,797.32,1286.91,0
13,cpython_3.13,rpi5,on,tx,60,63892,1064.9,938.19,33.74,938.02,991.98,1015.76,792.87,1240.85,0
14,cpython_3.13,rpi5,on,tx,60.001,63730,1062.2,940.59,34.07,940.41,995.41,1019.66,799.56,1265.3,0
15,cpython_3.13,rpi5,on,tx,60,63656,1060.9,941.66,33.68,941.5,995.84,1019.64,794.56,1221.22,0
16,cpython_3.13,rpi5,on,tx,60,63830,1063.8,939.1,33.12,939.1,991.85,1014.76,794.3,1287.45,0
17,cpython_3.13,rpi5,on,tx,60,64440,1074,930.23,32.7,930.32,982.17,1004.74,790.8,1248.26,0
18,cpython_3.13,rpi5,on,tx,60,64027,1067.1,936.2,32.65,936.34,988.26,1011.13,803.19,1232.56,0
19,cpython_3.13,rpi5,on,tx,60,64013,1066.9,936.41,32.72,936.61,988.4,1011.28,780.76,1255.52,0
20,cpython_3.13,rpi5,on,tx,60.001,63583,1059.7,942.74,33.71,942.65,996.78,1020.48,762.67,1274.74,0
21,cpython_3.13,rpi5,on,tx,60,64188,1069.8,933.86,32.94,933.96,986.17,1008.87,798.58,1259.45,0
22,cpython_3.13,rpi5,on,tx,60,64263,1071,932.78,32.86,932.76,985.28,1007.8,798.24,1250.54,0
23,cpython_3.13,rpi5,on,tx,60.001,63701,1061.7,940.99,33.49,941.04,994.37,1017.43,772.46,1246.69,0
24,cpython_3.13,rpi5,on,tx,60,63236,1053.9,947.92,33.91,947.95,1002.41,1026.84,790.3,1242.71,0
25,cpython_3.13,rpi5,on,tx,60.001,64274,1071.2,932.62,33.16,932.71,985.45,1008.82,801.35,1264.87,0
26,cpython_3.13,rpi5,on,tx,60.001,63733,1062.2,940.52,33.79,940.3,994.52,1018.72,772.69,1373.95,0
27,cpython_3.13,rpi5,on,tx,60.001,63773,1062.9,939.94,33.52,939.91,993.24,1017,792.13,1315.69,0
28,cpython_3.13,rpi5,on,tx,60.001,63553,1059.2,943.21,33.87,942.95,997.37,1022.04,796.47,1279.98,0
29,cpython_3.13,rpi5,on,tx,60,63798,1063.3,939.59,33.32,939.61,992.39,1014.78,784.5,1271.15,0
30,cpython_3.13,rpi5,on,tx,60.001,63492,1058.2,944.11,34.52,943.85,999.84,1024.82,801.97,1315.39,0
1,pypy_3.11,rpi5,on,tx,60,63059,1051,950.62,427,927.17,1038.17,1128.66,770.91,23222.71,0
2,pypy_3.11,rpi5,on,tx,60,62849,1047.5,953.7,418.74,930.97,1045.08,1129.74,771.48,24122.56,0
3,pypy_3.11,rpi5,on,tx,60.016,63594,1059.6,943.01,428.73,919.58,1032.46,1119.2,755.39,23409.65,0
4,pypy_3.11,rpi5,on,tx,60.001,62614,1043.6,957.49,430.71,932.52,1048.9,1140.35,759.63,23205.93,0
5,pypy_3.11,rpi5,on,tx,60.001,63454,1057.6,944.92,432.08,920.88,1033.54,1125.11,754.48,23195.88,0
6,pypy_3.11,rpi5,on,tx,60,63443,1057.4,945.1,431.68,921.63,1032.11,1123.95,764.09,22944.97,0
7,pypy_3.11,rpi5,on,tx,60,62888,1048.1,953.36,433.93,928.28,1045.19,1133.04,766.3,24007.47,0
8,pypy_3.11,rpi5,on,tx,60.001,63237,1053.9,948.18,430.97,924.56,1035.54,1130.79,763.95,23163.73,0
9,pypy_3.11,rpi5,on,tx,60.001,63336,1055.6,946.67,439.59,922.7,1031.84,1127.78,761.41,23754.4,0
10,pypy_3.11,rpi5,on,tx,60,62647,1044.1,957.01,434.49,932.22,1048.32,1138.15,759.69,22703.62,0
11,pypy_3.11,rpi5,on,tx,60.001,62172,1036.2,964.31,412.65,941.13,1056.16,1147.71,780.85,23116.31,0
12,pypy_3.11,rpi5,on,tx,60.001,63242,1054,948.06,436.92,923.82,1038.92,1130.51,763.46,24116.87,0
13,pypy_3.11,rpi5,on,tx,60,63245,1054.1,947.99,432.32,923.78,1037.66,1128.5,770.69,23542.63,0
14,pypy_3.11,rpi5,on,tx,60.001,63520,1058.7,943.86,427.04,920.08,1031.84,1120.22,770.24,22049.72,0
15,pypy_3.11,rpi5,on,tx,60.001,63626,1060.4,942.36,429.65,918.19,1032.65,1123.3,739.93,22757.7,0
16,pypy_3.11,rpi5,on,tx,60,63124,1052.1,949.82,431.39,925.63,1037.18,1126.2,773.45,23384.48,0
17,pypy_3.11,rpi5,on,tx,60,62604,1043.4,957.67,410.64,935.3,1050.46,1137.32,779.74,26471.13,0
18,pypy_3.11,rpi5,on,tx,60.009,62965,1049.3,952.42,416.35,928.95,1044.19,1133.39,776.33,22743.5,0
19,pypy_3.11,rpi5,on,tx,60,63547,1059.1,943.57,428.32,919.93,1031.13,1122.96,762.06,23034.11,0
20,pypy_3.11,rpi5,on,tx,60.001,63189,1053.1,948.87,416.12,926.15,1037.09,1126.85,767.21,23740.78,0
21,pypy_3.11,rpi5,on,tx,60,62811,1046.8,954.6,409.51,932.21,1042.8,1132.36,768.56,22542.96,0
22,pypy_3.11,rpi5,on,tx,60,63309,1055.1,947.02,429.06,923.37,1034.77,1127.98,776.45,22849.46,0
23,pypy_3.11,rpi5,on,tx,60,62880,1048,953.49,431.86,929.17,1043.02,1131.58,757.3,22712.5,0
24,pypy_3.11,rpi5,on,tx,60.001,63554,1059.2,943.37,429.66,919.85,1028.48,1121.67,744.83,22893.04,0
25,pypy_3.11,rpi5,on,tx,60.001,63537,1058.9,943.68,430.47,919.91,1031.6,1120.74,768.67,23444.32,0
26,pypy_3.11,rpi5,on,tx,60,63048,1050.8,950.69,427.35,927.33,1036.72,1126.73,771.46,22743.65,0
27,pypy_3.11,rpi5,on,tx,60.012,62656,1044.1,956.66,424.88,933.49,1045.86,1132.6,786.06,23907.86,0
28,pypy_3.11,rpi5,on,tx,60,63066,1051.1,950.7,432.34,926.63,1038.2,1128.93,758.41,23849.35,0
29,pypy_3.11,rpi5,on,tx,60.001,63059,1051,950.8,428.76,926.78,1039.48,1128.99,771.8,23002.5,0
30,pypy_3.11,rpi5,on,tx,60,62870,1047.8,953.61,427.86,928.58,1046.1,1135.06,777.22,22443.79,0
1,rust,rpi5,off,codec-encode,60,3517060,58617.7,16.57,0.24,16.56,16.68,16.76,16.28,86.81,0
2,rust,rpi5,off,codec-encode,60,3518237,58637.3,16.56,0.22,16.55,16.68,16.76,16.26,74.33,0
3,rust,rpi5,off,codec-encode,60,3520432,58673.9,16.55,0.23,16.54,16.67,16.74,16.26,88.89,0
4,rust,rpi5,off,codec-encode,60,3514350,58572.5,16.58,0.21,16.57,16.69,16.76,16.28,87.7,0
5,rust,rpi5,off,codec-encode,60,3513611,58560.2,16.58,0.21,16.57,16.7,16.78,16.3,66.28,0
6,rust,rpi5,off,codec-encode,60,3518866,58647.8,16.56,0.22,16.54,16.67,16.74,16.28,83.67,0
7,rust,rpi5,off,codec-encode,60,3518423,58640.4,16.56,0.21,16.55,16.68,16.76,16.28,100.85,0
8,rust,rpi5,off,codec-encode,60,3510583,58509.7,16.6,0.22,16.59,16.72,16.8,16.28,74.19,0
9,rust,rpi5,off,codec-encode,60,3515803,58596.7,16.57,0.21,16.56,16.68,16.76,16.28,73.02,0
10,rust,rpi5,off,codec-encode,60,3514491,58574.8,16.58,0.23,16.56,16.69,16.78,16.28,77.43,0
11,rust,rpi5,off,codec-encode,60,3517295,58621.6,16.56,0.22,16.55,16.68,16.76,16.26,69.48,0
12,rust,rpi5,off,codec-encode,60,3516017,58600.3,16.57,0.23,16.56,16.68,16.76,16.28,73.43,0
13,rust,rpi5,off,codec-encode,60,3515893,58598.2,16.57,0.22,16.56,16.69,16.78,16.26,71.26,0
14,rust,rpi5,off,codec-encode,60,3516258,58604.3,16.57,0.21,16.56,16.68,16.76,16.28,76.37,0
15,rust,rpi5,off,codec-encode,60,3511382,58523,16.59,0.22,16.57,16.72,16.8,16.28,77.52,0
16,rust,rpi5,off,codec-encode,60,3518182,58636.4,16.56,0.22,16.55,16.68,16.76,16.28,72.76,0
17,rust,rpi5,off,codec-encode,60,3511419,58523.6,16.59,0.23,16.57,16.7,16.78,16.3,72.89,0
18,rust,rpi5,off,codec-encode,60,3511024,58517.1,16.59,0.22,16.57,16.7,16.78,16.3,79.78,0
19,rust,rpi5,off,codec-encode,60,3515365,58589.4,16.57,0.22,16.56,16.7,16.78,16.28,74.94,0
20,rust,rpi5,off,codec-encode,60,3516682,58611.4,16.57,0.22,16.56,16.68,16.76,16.26,69.39,0
21,rust,rpi5,off,codec-encode,60,3517549,58625.8,16.56,0.22,16.55,16.68,16.76,16.26,77.3,0
22,rust,rpi5,off,codec-encode,60,3520215,58670.2,16.55,0.22,16.54,16.67,16.74,16.28,99.7,0
23,rust,rpi5,off,codec-encode,60,3519983,58666.4,16.55,0.23,16.54,16.67,16.74,16.26,82.22,0
24,rust,rpi5,off,codec-encode,60,3517077,58617.9,16.57,0.22,16.56,16.68,16.76,16.26,76.07,0
25,rust,rpi5,off,codec-encode,60,3517720,58628.7,16.56,0.22,16.55,16.68,16.76,16.28,83.65,0
26,rust,rpi5,off,codec-encode,60,3516751,58612.5,16.57,0.22,16.56,16.68,16.76,16.26,77.74,0
27,rust,rpi5,off,codec-encode,60,3517809,58630.1,16.56,0.22,16.55,16.68,16.76,16.28,116.43,0
28,rust,rpi5,off,codec-encode,60,3517796,58629.9,16.56,0.21,16.55,16.68,16.76,16.26,63.15,0
29,rust,rpi5,off,codec-encode,60,3520712,58678.5,16.55,0.22,16.54,16.67,16.74,16.28,68.26,0
30,rust,rpi5,off,codec-encode,60,3516296,58604.9,16.57,0.22,16.56,16.68,16.76,16.28,72.33,0
1,rust,rpi5,off,codec-decode,60,11792019,196533.6,4.62,0.15,4.61,4.69,4.72,4.44,112.63,0
2,rust,rpi5,off,codec-decode,60,11797854,196630.9,4.61,0.15,4.61,4.68,4.72,4.43,122.44,0
3,rust,rpi5,off,codec-decode,60,11773298,196221.6,4.62,0.14,4.61,4.69,4.72,4.44,94.57,0
4,rust,rpi5,off,codec-decode,60,11806758,196779.3,4.61,0.14,4.61,4.68,4.72,4.44,126.44,0
5,rust,rpi5,off,codec-decode,60,11801953,196699.2,4.61,0.13,4.61,4.68,4.72,4.44,74.44,0
6,rust,rpi5,off,codec-decode,60,11800630,196677.2,4.61,0.14,4.61,4.68,4.72,4.44,101.19,0
7,rust,rpi5,off,codec-decode,60,11782684,196378.1,4.62,0.13,4.61,4.68,4.72,4.44,75.83,0
8,rust,rpi5,off,codec-decode,60,11809302,196821.7,4.61,0.14,4.61,4.68,4.72,4.44,89.33,0
9,rust,rpi5,off,codec-decode,60,11770968,196182.8,4.62,0.14,4.61,4.7,4.74,4.44,91.26,0
10,rust,rpi5,off,codec-decode,60,11786066,196434.4,4.62,0.14,4.61,4.68,4.72,4.44,123.59,0
11,rust,rpi5,off,codec-decode,60,11779177,196319.6,4.62,0.14,4.61,4.69,4.72,4.43,87.98,0
12,rust,rpi5,off,codec-decode,60,11776686,196278.1,4.62,0.14,4.61,4.69,4.72,4.44,97.13,0
13,rust,rpi5,off,codec-decode,60,11794803,196580,4.61,0.13,4.61,4.68,4.72,4.44,96.43,0
14,rust,rpi5,off,codec-decode,60,11765939,196099,4.63,0.14,4.63,4.7,4.74,4.44,76.57,0
15,rust,rpi5,off,codec-decode,60,11793572,196559.5,4.61,0.15,4.61,4.68,4.72,4.44,149.72,0
16,rust,rpi5,off,codec-decode,60,11775252,196254.2,4.62,0.14,4.61,4.69,4.72,4.44,136.81,0
17,rust,rpi5,off,codec-decode,60,11791127,196518.8,4.61,0.13,4.61,4.68,4.72,4.44,74,0
18,rust,rpi5,off,codec-decode,60,11782774,196379.6,4.62,0.13,4.61,4.69,4.72,4.44,80.76,0
19,rust,rpi5,off,codec-decode,60,11788287,196471.4,4.62,0.13,4.61,4.68,4.72,4.44,71.85,0
20,rust,rpi5,off,codec-decode,60,11785292,196421.5,4.61,0.14,4.61,4.68,4.72,4.44,113.33,0
21,rust,rpi5,off,codec-decode,60,11790453,196507.5,4.61,0.13,4.61,4.68,4.72,4.44,74.58,0
22,rust,rpi5,off,codec-decode,60,11801603,196693.4,4.61,0.14,4.61,4.68,4.72,4.43,93.26,0
23,rust,rpi5,off,codec-decode,60,11809881,196831.3,4.61,0.14,4.61,4.68,4.72,4.43,95.41,0
24,rust,rpi5,off,codec-decode,60,11790564,196509.4,4.61,0.14,4.61,4.68,4.72,4.44,81.44,0
25,rust,rpi5,off,codec-decode,60,11791276,196521.3,4.61,0.14,4.61,4.68,4.72,4.44,80.32,0
26,rust,rpi5,off,codec-decode,60,11799407,196656.8,4.61,0.14,4.61,4.68,4.72,4.44,92.17,0
27,rust,rpi5,off,codec-decode,60,11805521,196758.7,4.61,0.14,4.61,4.68,4.72,4.43,86.85,0
28,rust,rpi5,off,codec-decode,60,11777164,196286.1,4.62,0.13,4.61,4.69,4.72,4.44,81.09,0
29,rust,rpi5,off,codec-decode,60,11796924,196615.4,4.61,0.13,4.61,4.68,4.72,4.43,84.37,0
30,rust,rpi5,off,codec-decode,60,11791244,196520.7,4.61,0.13,4.61,4.68,4.72,4.44,72.72,0
1,cpython_3.13,rpi5,off,codec-decode,60,1890355,31505.9,31.34,0.53,31.3,31.95,32.56,30.33,103.63,0
2,cpython_3.13,rpi5,off,codec-decode,60,1892714,31545.2,31.3,0.55,31.28,31.95,32.52,30.24,104.72,0
3,cpython_3.13,rpi5,off,codec-decode,60,1896042,31600.7,31.23,0.54,31.19,31.85,32.46,30.24,115.8,0
4,cpython_3.13,rpi5,off,codec-decode,60,1889275,31487.9,31.35,0.6,31.32,32.02,32.57,30.2,171,0
5,cpython_3.13,rpi5,off,codec-decode,60,1894554,31575.9,31.26,0.55,31.22,31.87,32.56,30.24,124.65,0
6,cpython_3.13,rpi5,off,codec-decode,60,1891713,31528.5,31.3,0.57,31.28,31.94,32.58,30.3,123.15,0
7,cpython_3.13,rpi5,off,codec-decode,60,1885370,31422.8,31.41,0.58,31.37,32.09,32.76,30.3,122.98,0
8,cpython_3.13,rpi5,off,codec-decode,60,1901230,31687.2,31.16,0.57,31.13,31.8,32.46,30.15,127.59,0
9,cpython_3.13,rpi5,off,codec-decode,60,1899144,31652.4,31.19,0.56,31.17,31.83,32.5,30.17,120.5,0
10,cpython_3.13,rpi5,off,codec-decode,60,1883744,31395.7,31.45,0.57,31.41,32.07,32.72,30.41,136.41,0
11,cpython_3.13,rpi5,off,codec-decode,60,1901409,31690.1,31.14,0.57,31.11,31.78,32.43,30.02,125.02,0
12,cpython_3.13,rpi5,off,codec-decode,60,1890769,31512.8,31.32,0.56,31.3,31.94,32.59,30.32,125.54,0
13,cpython_3.13,rpi5,off,codec-decode,60,1887506,31458.4,31.38,0.56,31.35,32,32.69,30.35,121.09,0
14,cpython_3.13,rpi5,off,codec-decode,60,1909965,31832.7,31.01,0.57,31,31.63,32.2,29.98,128.3,0
15,cpython_3.13,rpi5,off,codec-decode,60,1882060,31367.7,31.48,0.57,31.45,32.13,32.81,30.46,128.46,0
16,cpython_3.13,rpi5,off,codec-decode,60,1895757,31595.9,31.24,0.56,31.2,31.87,32.56,30.24,113.98,0
17,cpython_3.13,rpi5,off,codec-decode,60,1895814,31596.9,31.25,0.54,31.2,31.85,32.55,30.26,113.33,0
18,cpython_3.13,rpi5,off,codec-decode,60,1898804,31646.7,31.2,0.55,31.18,31.85,32.41,30.09,116.22,0
19,cpython_3.13,rpi5,off,codec-decode,60,1895365,31589.4,31.26,0.57,31.22,31.89,32.54,30.3,113.72,0
20,cpython_3.13,rpi5,off,codec-decode,60,1905783,31763,31.08,0.57,31.04,31.74,32.28,29.98,130.04,0
21,cpython_3.13,rpi5,off,codec-decode,60,1889711,31495.2,31.34,0.56,31.32,31.98,32.57,30.32,144.2,0
22,cpython_3.13,rpi5,off,codec-decode,60,1885570,31426.2,31.41,0.54,31.37,32.04,32.69,30.41,106.69,0
23,cpython_3.13,rpi5,off,codec-decode,60,1889944,31499.1,31.34,0.58,31.3,31.98,32.56,30.3,123.67,0
24,cpython_3.13,rpi5,off,codec-decode,60,1893716,31561.9,31.28,0.57,31.24,31.89,32.5,30.33,124.57,0
25,cpython_3.13,rpi5,off,codec-decode,60,1894180,31569.7,31.27,0.57,31.24,31.91,32.52,30.22,156.78,0
26,cpython_3.13,rpi5,off,codec-decode,60,1908382,31806.4,31.03,0.54,31,31.65,32.2,30,147.7,0
27,cpython_3.13,rpi5,off,codec-decode,60,1897011,31616.8,31.23,0.54,31.22,31.83,32.52,30.24,114.56,0
28,cpython_3.13,rpi5,off,codec-decode,60,1882894,31381.6,31.46,0.56,31.43,32.07,32.72,30.46,125.28,0
29,cpython_3.13,rpi5,off,codec-decode,60,1897726,31628.8,31.21,0.55,31.18,31.82,32.41,30.2,111.06,0
30,cpython_3.13,rpi5,off,codec-decode,60,1893709,31561.8,31.28,0.56,31.24,31.96,32.52,30.24,121.13,0
1,pypy_3.11,rpi5,off,codec-decode,60,3889696,64828.2,15.16,28.32,14.65,15.39,29.41,13.31,13901.13,0
2,pypy_3.11,rpi5,off,codec-decode,60,3871749,64529.1,15.21,28.05,14.74,15.54,30.78,13.3,13882.8,0
3,pypy_3.11,rpi5,off,codec-decode,60,3969041,66150.6,14.87,26.94,14.46,15.2,28.76,13.33,13860.13,0
4,pypy_3.11,rpi5,off,codec-decode,60,3968025,66133.7,14.85,27.36,14.37,15.11,29.59,13.17,14049.72,0
5,pypy_3.11,rpi5,off,codec-decode,60,3935034,65583.9,15.01,30.1,14.54,15.3,29.04,13.35,14979.15,0
6,pypy_3.11,rpi5,off,codec-decode,60,3921300,65355,15.05,27.54,14.61,15.37,28.06,13.41,13915.32,0
7,pypy_3.11,rpi5,off,codec-decode,60,3937063,65617.7,14.99,27.52,14.57,15.31,28.17,13.33,13850.7,0
8,pypy_3.11,rpi5,off,codec-decode,60,3942097,65701.6,14.98,28.27,14.48,15.26,28.24,13.2,13847.32,0
9,pypy_3.11,rpi5,off,codec-decode,60,3941891,65698.1,14.98,28.86,14.54,15.35,28.46,13.19,13933.89,0
10,pypy_3.11,rpi5,off,codec-decode,60,3923145,65385.7,15.03,29.28,14.59,15.31,27.98,13.3,13797.8,0
11,pypy_3.11,rpi5,off,codec-decode,60,3931175,65519.5,15,27.23,14.5,15.24,28.56,13.09,13897.61,0
12,pypy_3.11,rpi5,off,codec-decode,60,3946939,65782.3,14.96,28.99,14.52,15.33,28.28,13.19,13888.76,0
13,pypy_3.11,rpi5,off,codec-decode,60,3914552,65242.5,15.07,27.02,14.67,15.52,28.2,13.28,13897.35,0
14,pypy_3.11,rpi5,off,codec-decode,60,3902983,65049.7,15.11,28.88,14.63,15.41,32.69,13.35,14589.97,0
15,pypy_3.11,rpi5,off,codec-decode,60,3908272,65137.8,15.09,27.31,14.61,15.39,32,13.33,13901.63,0
16,pypy_3.11,rpi5,off,codec-decode,60,3896280,64938,15.15,27.17,14.65,15.5,33.63,13.43,13867.22,0
17,pypy_3.11,rpi5,off,codec-decode,60,3909073,65151.2,15.1,30.76,14.59,15.43,30.02,13.17,13920.22,0
18,pypy_3.11,rpi5,off,codec-decode,60,3918650,65310.8,15.07,28.44,14.57,15.31,33.48,13.35,13948.02,0
19,pypy_3.11,rpi5,off,codec-decode,60,3923193,65386.5,15.05,29.05,14.59,15.37,30.35,13.28,13869.89,0
20,pypy_3.11,rpi5,off,codec-decode,60,3871003,64516.6,15.26,28.08,14.8,15.69,28.59,13.43,13881.52,0
21,pypy_3.11,rpi5,off,codec-decode,60,3909971,65166.1,15.08,27.33,14.57,15.39,28.48,13.35,13858.72,0
22,pypy_3.11,rpi5,off,codec-decode,60,3919367,65322.7,15.06,26.41,14.57,15.33,28.33,13.24,13907.78,0
23,pypy_3.11,rpi5,off,codec-decode,60,3877394,64623.2,15.23,28.42,14.76,15.57,28.39,13.48,13874.24,0
24,pypy_3.11,rpi5,off,codec-decode,60,3930825,65513.7,15,28.64,14.55,15.33,27.5,13.31,13875.48,0
25,pypy_3.11,rpi5,off,codec-decode,60,3939459,65657.6,14.99,26.77,14.55,15.3,28.84,13.33,13852.06,0
26,pypy_3.11,rpi5,off,codec-decode,60,3957752,65962.5,14.9,28.25,14.43,15.15,31.83,13.17,14816.85,0
27,pypy_3.11,rpi5,off,codec-decode,60,3909397,65156.6,15.09,26.91,14.65,15.54,31.52,13.31,13871.52,0
28,pypy_3.11,rpi5,off,codec-decode,60,3914734,65245.5,15.08,27.01,14.65,15.45,28.7,13.43,13902.24,0
29,pypy_3.11,rpi5,off,codec-decode,60,3902932,65048.8,15.11,33.19,14.63,15.43,30.18,13.24,13798.91,0
30,pypy_3.11,rpi5,off,codec-decode,60,3935394,65589.9,15.01,27.24,14.57,15.46,28.28,13.26,13986.89,0
1,rust,rpi5,on,security-sign,60,144108,2401.8,415.79,1.61,415.59,417.15,417.81,415.07,554.72,415.79
2,rust,rpi5,on,security-sign,60,144114,2401.9,415.77,1.18,415.59,417.13,417.74,415.09,497.57,415.77
3,rust,rpi5,on,security-sign,60,144118,2402,415.76,1.56,415.57,417.13,417.76,415.07,603.59,415.76
4,rust,rpi5,on,security-sign,60,144113,2401.9,415.76,1.16,415.57,417.11,417.72,415.07,496.67,415.76
5,rust,rpi5,on,security-sign,60,143929,2398.8,416.3,1.22,416.11,417.69,418.3,415.57,511.91,416.3
6,rust,rpi5,on,security-sign,60,144103,2401.7,415.79,1.2,415.61,417.11,417.8,415.07,495.35,415.79
7,rust,rpi5,on,security-sign,60,144109,2401.8,415.78,1.17,415.59,417.11,417.74,415.07,503.78,415.78
8,rust,rpi5,on,security-sign,60,144103,2401.7,415.79,1.27,415.59,417.17,417.95,415.09,504.71,415.79
9,rust,rpi5,on,security-sign,60,144111,2401.8,415.78,1.27,415.59,417.15,417.8,415.06,508.28,415.78
10,rust,rpi5,on,security-sign,60,144100,2401.7,415.82,1.14,415.63,417.17,417.76,415.09,512.59,415.82
11,rust,rpi5,on,security-sign,60,144191,2403.2,415.55,1.21,415.37,416.91,417.48,414.81,513.48,415.55
12,rust,rpi5,on,security-sign,60,144110,2401.8,415.79,1.23,415.61,417.11,417.78,415.11,510.69,415.79
13,rust,rpi5,on,security-sign,60,144107,2401.8,415.8,1.25,415.61,417.17,417.93,415.13,513.71,415.8
14,rust,rpi5,on,security-sign,60,144103,2401.7,415.81,1.29,415.61,417.19,417.89,415.07,507.5,415.81
15,rust,rpi5,on,security-sign,60,144114,2401.9,415.78,1.28,415.59,417.15,417.83,415.07,507.19,415.78
16,rust,rpi5,on,security-sign,60,144111,2401.8,415.79,1.25,415.59,417.15,417.8,415.09,509.46,415.79
17,rust,rpi5,on,security-sign,60,143630,2393.8,417.18,1.2,417,418.56,419.11,416.52,509.26,417.18
18,rust,rpi5,on,security-sign,60,144116,2401.9,415.77,1.26,415.59,417.11,417.81,415.11,506.26,415.77
19,rust,rpi5,on,security-sign,60,144089,2401.5,415.84,1.22,415.65,417.2,417.83,415.17,499.26,415.84
20,rust,rpi5,on,security-sign,60,144113,2401.9,415.77,1.27,415.57,417.13,417.8,414.96,536.8,415.77
21,rust,rpi5,on,security-sign,60,144115,2401.9,415.76,1.26,415.57,417.09,417.76,415.04,518.93,415.76
22,rust,rpi5,on,security-sign,60,144100,2401.7,415.82,1.29,415.63,417.19,417.87,415.11,524.94,415.82
23,rust,rpi5,on,security-sign,60,144109,2401.8,415.78,1.17,415.59,417.13,417.74,415.06,497.04,415.78
24,rust,rpi5,on,security-sign,60,144028,2400.5,416.02,1.16,415.83,417.37,417.98,415.33,488.3,416.02
25,rust,rpi5,on,security-sign,60,144111,2401.8,415.79,1.25,415.59,417.13,417.78,415.07,508.26,415.79
26,rust,rpi5,on,security-sign,60,144115,2401.9,415.76,1.25,415.57,417.13,417.72,415.07,502.56,415.76
27,rust,rpi5,on,security-sign,60,144112,2401.9,415.78,1.25,415.59,417.15,417.89,415.09,501.57,415.78
28,rust,rpi5,on,security-sign,60,144118,2402,415.76,1.31,415.57,417.11,417.87,415.09,517.7,415.76
29,rust,rpi5,on,security-sign,60,144113,2401.9,415.78,1.24,415.59,417.13,417.8,415.09,503.04,415.78
30,rust,rpi5,on,security-sign,60,144113,2401.9,415.78,1.22,415.59,417.11,417.74,415,518.13,415.78
1,cpython_3.13,rpi5,on,security-sign,60,70444,1174.1,848.88,31.65,849.09,900.06,921.05,708.87,1041.93,848.88
2,cpython_3.13,rpi5,on,security-sign,60,69341,1155.7,862.42,32.25,862.76,914.46,936.05,702.69,1083.34,862.42
3,cpython_3.13,rpi5,on,security-sign,60,70519,1175.3,847.97,31.56,848.11,899.24,920.39,704.56,1056.3,847.97
4,cpython_3.13,rpi5,on,security-sign,60,69518,1158.6,860.28,31.92,860.37,912.3,933.33,713.15,1066.78,860.28
5,cpython_3.13,rpi5,on,security-sign,60,69536,1158.9,860.02,31.94,860.45,911.82,933.22,726.89,1075.08,860.02
6,cpython_3.13,rpi5,on,security-sign,60,70342,1172.4,850.1,31.66,850.39,901.41,923.65,721.41,1048.2,850.1
7,cpython_3.13,rpi5,on,security-sign,60.001,69632,1160.5,858.87,31.81,859.08,910.61,931.53,718.26,1034.7,858.87
8,cpython_3.13,rpi5,on,security-sign,60,70615,1176.9,846.84,31.57,847.28,898,918.78,696.63,1040.72,846.84
9,cpython_3.13,rpi5,on,security-sign,60.001,70148,1169.1,852.47,31.65,852.71,903.76,924.91,713.74,1057.63,852.47
10,cpython_3.13,rpi5,on,security-sign,60.001,70085,1168.1,853.25,31.58,853.52,904.65,925.69,701.63,1042.43,853.25
11,cpython_3.13,rpi5,on,security-sign,60,69065,1151.1,865.8,31.98,866.11,917.65,938.36,705.67,1069.32,865.8
12,cpython_3.13,rpi5,on,security-sign,60.001,70068,1167.8,853.46,31.65,853.78,904.78,926.22,711.48,1045.89,853.46
13,cpython_3.13,rpi5,on,security-sign,60.001,71413,1190.2,837.44,31.69,837.82,888.86,909.93,667.41,1026.11,837.44
14,cpython_3.13,rpi5,on,security-sign,60,70147,1169.1,852.56,32,852.98,904.4,926.17,714.09,1043.41,852.56
15,cpython_3.13,rpi5,on,security-sign,60.001,70695,1178.2,845.93,31.57,846.35,896.98,918.41,708.63,1037.54,845.93
16,cpython_3.13,rpi5,on,security-sign,60,69196,1153.3,864.29,31.75,864.65,915.95,937.21,723.82,1078.74,864.29
17,cpython_3.13,rpi5,on,security-sign,60,70528,1175.5,847.9,31.5,848.19,898.72,919.82,706.8,1080.98,847.9
18,cpython_3.13,rpi5,on,security-sign,60.001,70857,1180.9,843.93,31.55,844.17,895.35,916.19,699.08,1042.89,843.93
19,cpython_3.13,rpi5,on,security-sign,60,69398,1156.6,861.66,32.75,861.91,914.26,936.3,710.82,1260.24,861.66
20,cpython_3.13,rpi5,on,security-sign,60.001,70092,1168.2,853.2,31.85,853.41,904.98,925.93,704.19,1093.87,853.2
21,cpython_3.13,rpi5,on,security-sign,60,70930,1182.2,843.07,31.41,843.46,894,915.58,700.3,1009.33,843.07
22,cpython_3.13,rpi5,on,security-sign,60,69294,1154.9,863,31.88,863.48,914.56,935.43,712.58,1032.17,863
23,cpython_3.13,rpi5,on,security-sign,60,70280,1171.3,850.93,31.72,851.52,902.46,923.19,705.78,1018.09,850.93
24,cpython_3.13,rpi5,on,security-sign,60,70064,1167.7,853.54,31.81,853.95,904.92,926.5,721.13,1056.56,853.54
25,cpython_3.13,rpi5,on,security-sign,60.001,69330,1155.5,862.51,32.07,862.81,914.57,936.17,720.76,1019.17,862.51
26,cpython_3.13,rpi5,on,security-sign,60.001,70473,1174.5,848.58,31.58,848.87,900.21,920.49,714.93,1049.89,848.58
27,cpython_3.13,rpi5,on,security-sign,60.001,69999,1166.6,854.39,31.82,854.71,905.95,927.24,702.43,1031.26,854.39
28,cpython_3.13,rpi5,on,security-sign,60,70359,1172.6,849.91,31.58,850.35,900.98,921.28,716.15,1000.98,849.91
29,cpython_3.13,rpi5,on,security-sign,60.001,70007,1166.8,854.24,31.8,854.46,905.98,926.72,707.32,1035.7,854.24
30,cpython_3.13,rpi5,on,security-sign,60,68810,1146.8,869.05,32.3,869.24,921.36,942.99,730.21,1030.93,869.05
1,pypy_3.11,rpi5,on,security-sign,60,66286,1104.8,904.33,362.87,890.83,966.33,1008.21,744.98,19971.38,904.33
2,pypy_3.11,rpi5,on,security-sign,60,66095,1101.6,906.91,361.55,893.54,969.17,1013.39,734.74,19896.79,906.91
3,pypy_3.11,rpi5,on,security-sign,60.001,66403,1106.7,902.78,367.56,889.37,965.8,1006.58,730.19,19988.99,902.78
4,pypy_3.11,rpi5,on,security-sign,60,66878,1114.6,896.38,358.28,882.95,958.5,1003.05,734.93,20102.68,896.38
5,pypy_3.11,rpi5,on,security-sign,60,66602,1110,900.03,368.48,886.19,961.65,1004.83,727.78,20799.03,900.03
6,pypy_3.11,rpi5,on,security-sign,60,67015,1116.9,894.49,362.5,881,956.43,1000.62,724.09,20177.92,894.49
7,pypy_3.11,rpi5,on,security-sign,60,66806,1113.4,897.32,358.49,884.02,959,1004.07,730.48,19829.38,897.32
8,pypy_3.11,rpi5,on,security-sign,60.001,66460,1107.7,901.96,359.24,888.47,965.58,1008.92,735.56,19033.06,901.96
9,pypy_3.11,rpi5,on,security-sign,60.001,66751,1112.5,898.07,360.19,884.8,960.56,1001.39,718.58,19825.55,898.07
10,pypy_3.11,rpi5,on,security-sign,60.001,66892,1114.9,896.11,356.97,882.76,958.67,1002.32,727.89,19690.12,896.11
11,pypy_3.11,rpi5,on,security-sign,60.001,66348,1105.8,903.26,365.72,889.87,965.37,1009.46,745.96,21147.86,903.26
12,pypy_3.11,rpi5,on,security-sign,60.001,66561,1109.3,900.68,369.04,886.73,964.41,1008.64,726.97,20564.1,900.68
13,pypy_3.11,rpi5,on,security-sign,60,66856,1114.3,896.59,368.02,882.86,959.43,1001.59,734.15,20434.39,896.59
14,pypy_3.11,rpi5,on,security-sign,60,66193,1103.2,905.61,374.36,891.93,966.56,1010.23,744.84,21225.99,905.61
15,pypy_3.11,rpi5,on,security-sign,60,66458,1107.6,902.06,365.93,888.34,964.69,1007.55,742.93,20115.71,902.06
16,pypy_3.11,rpi5,on,security-sign,60,66486,1108.1,901.64,359.5,887.8,965.58,1009.22,730.26,19934.42,901.64
17,pypy_3.11,rpi5,on,security-sign,60.001,66551,1109.2,900.7,362.01,887.28,962.11,1007.36,735.47,20058.05,900.7
18,pypy_3.11,rpi5,on,security-sign,60.001,66796,1113.3,897.43,368.02,883.5,961.04,1004.47,716,20323.76,897.43
19,pypy_3.11,rpi5,on,security-sign,60,66421,1107,902.47,364.72,889.21,964.47,1007.83,733.85,19724.65,902.47
20,pypy_3.11,rpi5,on,security-sign,60,66818,1113.6,897.14,358.73,883.52,960.01,1004.01,715.48,19812.72,897.14
21,pypy_3.11,rpi5,on,security-sign,60,66368,1106.1,903.26,369.46,889.32,965.1,1007.8,732.45,19808.98,903.26
22,pypy_3.11,rpi5,on,security-sign,60.001,66448,1107.5,901.93,354.67,888.61,964.82,1006.1,723.09,19773.4,901.93
23,pypy_3.11,rpi5,on,security-sign,60.001,66467,1107.8,901.9,371.19,887.82,964.6,1009.72,740.8,21487.87,901.9
24,pypy_3.11,rpi5,on,security-sign,60,66499,1108.3,901.43,366.7,887.84,962.6,1005.23,738.22,20032.1,901.43
25,pypy_3.11,rpi5,on,security-sign,60,66703,1111.7,898.71,357.65,885.47,961.87,1003.39,717.43,19783.3,898.71
26,pypy_3.11,rpi5,on,security-sign,60,66796,1113.3,897.46,358.03,884.39,959.6,1000.43,725.54,19768.17,897.46
27,pypy_3.11,rpi5,on,security-sign,60,66247,1104.1,904.89,362.12,891.48,967.15,1007.49,743.3,19934.3,904.89
28,pypy_3.11,rpi5,on,security-sign,60.001,66686,1111.4,898.95,359.44,885.45,961.9,1004.16,742.84,19710.51,898.95
29,pypy_3.11,rpi5,on,security-sign,60,65840,1097.3,910.45,362.93,892.63,990.76,1027.76,749.63,19871.23,910.45
30,pypy_3.11,rpi5,on,security-sign,60,66786,1113.1,897.36,353.94,884.11,960.94,1002.8,716.78,19942.61,897.36
1,cpython_3.13,rpi5,on,security-verify,60.005,9491,158.2,6319.19,10.18,6318.01,6329.51,6347.8,6303.03,6471.79,6319.19
2,cpython_3.13,rpi5,on,security-verify,60.004,9599,160,6248.07,9.39,6247.07,6257.68,6273.71,6232.28,6411.26,6248.07
3,cpython_3.13,rpi5,on,security-verify,60.001,9464,157.7,6336.92,8.96,6335.76,6344.74,6363.02,6323.97,6479.21,6336.92
4,cpython_3.13,rpi5,on,security-verify,60.001,9420,157,6366.49,10.08,6365.17,6375.06,6395.05,6351.26,6538.08,6366.49
5,cpython_3.13,rpi5,on,security-verify,60,9364,156.1,6404.51,9.24,6403.36,6412.36,6429.06,6390.63,6562.84,6404.51
6,cpython_3.13,rpi5,on,security-verify,60.001,9514,158.6,6303.58,9.66,6302.14,6313.94,6331.62,6288.6,6474.43,6303.58
7,cpython_3.13,rpi5,on,security-verify,60.004,9590,159.8,6253.88,9.55,6252.65,6261.91,6282.45,6240.32,6409.67,6253.88
8,cpython_3.13,rpi5,on,security-verify,60,9588,159.8,6254.72,9.86,6253.3,6265.28,6281.59,6240.1,6412.84,6254.72
9,cpython_3.13,rpi5,on,security-verify,60,9488,158.1,6320.83,9.36,6319.49,6330,6349.05,6307.38,6492.43,6320.83
10,cpython_3.13,rpi5,on,security-verify,60.004,9491,158.2,6319.19,9.71,6317.88,6328.22,6345.49,6305.75,6473.14,6319.19
11,cpython_3.13,rpi5,on,security-verify,60.004,9476,157.9,6329.17,10.11,6328.86,6339.43,6355.48,6310.45,6473.55,6329.17
12,cpython_3.13,rpi5,on,security-verify,60.004,9583,159.7,6258.43,10.01,6257.14,6266.67,6286.74,6243.49,6447.47,6258.43
13,cpython_3.13,rpi5,on,security-verify,60.001,9492,158.2,6318.23,9.32,6317.03,6326.83,6346.22,6304.77,6484.36,6318.23
14,cpython_3.13,rpi5,on,security-verify,60.005,9434,157.2,6357.38,9.17,6356.19,6366.24,6383.52,6341.53,6534.03,6357.38
15,cpython_3.13,rpi5,on,security-verify,60.004,9395,156.6,6383.86,9.14,6382.69,6391.93,6410.22,6370.56,6656.29,6383.86
16,cpython_3.13,rpi5,on,security-verify,60.004,9524,158.7,6297.23,8.59,6296.16,6304.86,6322.55,6283.06,6443.03,6297.23
17,cpython_3.13,rpi5,on,security-verify,60.001,9514,158.6,6303.49,10.29,6301.94,6314.36,6332.99,6289.71,6461.45,6303.49
18,cpython_3.13,rpi5,on,security-verify,60.003,9430,157.2,6359.98,9.76,6358.79,6369.31,6387.69,6343.66,6529.69,6359.98
19,cpython_3.13,rpi5,on,security-verify,60.004,9658,161,6209.73,11.02,6207.81,6222.16,6251.6,6192.64,6373.18,6209.73
20,cpython_3.13,rpi5,on,security-verify,60.006,9437,157.3,6355.5,10.92,6354.42,6366.49,6393.11,6339.23,6537.08,6355.5
21,cpython_3.13,rpi5,on,security-verify,60,9433,157.2,6357.55,10.13,6356.16,6367.89,6391.58,6341.68,6528.47,6357.55
22,cpython_3.13,rpi5,on,security-verify,60.003,9571,159.5,6266.25,10.81,6265.62,6277.87,6299.79,6245.03,6436.66,6266.25
23,cpython_3.13,rpi5,on,security-verify,60.005,9541,159,6286.15,10.47,6284.47,6298.6,6319.25,6272.42,6454.1,6286.15
24,cpython_3.13,rpi5,on,security-verify,60.004,9379,156.3,6394.57,9.67,6393.16,6403.6,6428.92,6379.62,6553.49,6394.57
25,cpython_3.13,rpi5,on,security-verify,60.002,9464,157.7,6336.94,9.86,6335.31,6349.14,6372.46,6320.32,6483.42,6336.94
26,cpython_3.13,rpi5,on,security-verify,60.005,9382,156.4,6392.71,10.46,6391.9,6402.49,6427.11,6372.45,6580.23,6392.71
27,cpython_3.13,rpi5,on,security-verify,60.001,9488,158.1,6320.72,10.16,6319.25,6331.49,6359.19,6305.34,6496.92,6320.72
28,cpython_3.13,rpi5,on,security-verify,60,9513,158.5,6304.18,10.31,6302.71,6313.33,6342.27,6290.05,6503.62,6304.18
29,cpython_3.13,rpi5,on,security-verify,60.004,9243,154,6488.65,10.71,6487.05,6499.58,6526.93,6472.27,6676.23,6488.65
30,cpython_3.13,rpi5,on,security-verify,60.006,9510,158.5,6306.69,10.87,6304.92,6319.91,6341.96,6290.18,6487.79,6306.69
1,pypy_3.11,rpi5,on,security-verify,60.008,7318,122,8181.87,1153.95,8103.31,8182.33,8648.48,8024.03,47986.87,8181.87
2,pypy_3.11,rpi5,on,security-verify,60.004,7338,122.3,8160.95,1183.56,8080.72,8155.55,8590.72,7993.02,48183.57,8160.95
3,pypy_3.11,rpi5,on,security-verify,60.003,7321,122,8180.66,1220.39,8098.22,8187.7,8651.94,7999.03,48288.02,8180.66
4,pypy_3.11,rpi5,on,security-verify,60.007,7250,120.8,8261.45,1259.68,8180.98,8259.85,8683.26,8091.2,48550.57,8261.45
5,pypy_3.11,rpi5,on,security-verify,60.002,7312,121.9,8190.56,1209.31,8106,8185.12,8685.98,8018.76,47797.18,8190.56
6,pypy_3.11,rpi5,on,security-verify,60.007,7311,121.8,8192.61,1166.13,8110.42,8202.24,8639.98,8026.81,40729.35,8192.61
7,pypy_3.11,rpi5,on,security-verify,60.008,7240,120.7,8272.87,1198.23,8192.3,8273.57,8730.1,8107.76,48495.62,8272.87
8,pypy_3.11,rpi5,on,security-verify,60.005,7325,122.1,8176.14,1236.15,8095.37,8169.34,8641,7995.79,48503.55,8176.14
9,pypy_3.11,rpi5,on,security-verify,60.007,7304,121.7,8200.21,1232.78,8121.09,8183.98,8666.97,8015.16,48789.75,8200.21
10,pypy_3.11,rpi5,on,security-verify,60.003,7298,121.6,8204.61,1187.09,8123.92,8197.81,8690.54,8022.53,48466.66,8204.61
11,pypy_3.11,rpi5,on,security-verify,60.006,7396,123.3,8097.77,1191.75,8019.21,8091.57,8513.88,7929.72,47594.03,8097.77
12,pypy_3.11,rpi5,on,security-verify,60.006,7293,121.5,8212.27,1202.47,8129.24,8221.43,8728.85,8042.81,47795.25,8212.27
13,pypy_3.11,rpi5,on,security-verify,60.002,7268,121.1,8239.98,1191.67,8159.09,8244.77,8632.48,8070.22,47843.12,8239.98
14,pypy_3.11,rpi5,on,security-verify,60.001,7355,122.6,8142.72,1249.34,8061.4,8135.51,8545.76,7937.57,48442.18,8142.72
15,pypy_3.11,rpi5,on,security-verify,60.003,7266,121.1,8242.73,1192.62,8155.71,8277.53,8699.55,8054.77,47944.43,8242.73
16,pypy_3.11,rpi5,on,security-verify,60.003,7242,120.7,8269.94,1262.89,8183.87,8282.74,8737.89,8092.66,49074.34,8269.94
17,pypy_3.11,rpi5,on,security-verify,60.008,7307,121.8,8196.64,1223.36,8116.85,8201.11,8632.95,8039.29,48294.51,8196.64
18,pypy_3.11,rpi5,on,security-verify,60.003,7381,123,8113.36,1177.38,8032.59,8112.18,8584.64,7954.88,48283.23,8113.36
19,pypy_3.11,rpi5,on,security-verify,60.001,7263,121,8244.49,1250.91,8161.99,8243.22,8774.55,8062.48,48527.62,8244.49
20,pypy_3.11,rpi5,on,security-verify,60.006,7313,121.9,8189.46,1242.91,8101.16,8221.81,8631.75,8019.2,50359.7,8189.46
21,pypy_3.11,rpi5,on,security-verify,60.004,7286,121.4,8220.21,1221.46,8134.81,8242.32,8696.13,8040.83,48372.34,8220.21
22,pypy_3.11,rpi5,on,security-verify,60,7303,121.7,8200.23,1190.69,8118.73,8204.11,8686.2,8017.7,48416.97,8200.23
23,pypy_3.11,rpi5,on,security-verify,60.002,7394,123.2,8099.84,1174.78,8009.76,8136.97,8533.62,7911.56,40799.42,8099.84
24,pypy_3.11,rpi5,on,security-verify,60.006,7221,120.3,8294.61,1205.03,8211.88,8311.79,8746.48,8115.43,48619.68,8294.61
25,pypy_3.11,rpi5,on,security-verify,60.002,7295,121.6,8209.28,1186.8,8127.32,8207.69,8636.76,8038.16,49709.31,8209.28
26,pypy_3.11,rpi5,on,security-verify,60.005,7279,121.3,8227.65,1224.99,8143.08,8236.56,8685.17,8036.86,48265.11,8227.65
27,pypy_3.11,rpi5,on,security-verify,60.006,7243,120.7,8269.43,1262.64,8186.88,8268.97,8762.16,8076.9,49119.78,8269.43
28,pypy_3.11,rpi5,on,security-verify,60.007,7254,120.9,8256.88,1231.94,8172.09,8258.78,8729.54,8071.6,48079.93,8256.88
29,pypy_3.11,rpi5,on,security-verify,60,7297,121.6,8207.1,1199.72,8123.85,8210.88,8654.58,8034.07,48472.12,8207.1
30,pypy_3.11,rpi5,on,security-verify,60.008,7287,121.4,8218.23,1234.33,8136.85,8219.24,8704.6,8046.97,47843.81,8218.23
1,pypy_3.11,laptop,off,codec-decode,60,6657045,110950.7,8.84,149.85,7.88,10.86,17.46,7.32,50549.03,0
2,pypy_3.11,laptop,off,codec-decode,60,6766576,112776.2,8.7,148.43,7.73,10.47,17.64,7.22,52844.55,0
3,pypy_3.11,laptop,off,codec-decode,60,6621466,110357.7,8.89,149.13,7.9,11.24,17.84,7.37,53879.86,0
4,pypy_3.11,laptop,off,codec-decode,60,6710279,111837.9,8.79,150.68,7.78,11.86,17.88,7.26,53859.76,0
5,pypy_3.11,laptop,off,codec-decode,60,6769881,112831.3,8.71,150.56,7.75,10.48,18.27,7.29,58943.45,0
6,pypy_3.11,laptop,off,codec-decode,60,6735209,112253.4,8.75,150.27,7.78,10.9,17.52,7.29,50741.68,0
7,pypy_3.11,laptop,off,codec-decode,60,6704428,111740.4,8.79,150.57,7.84,10.59,17.77,7.34,52673.72,0
8,pypy_3.11,laptop,off,codec-decode,60,6718976,111982.9,8.78,149.61,7.76,10.87,18.22,7.21,51753.4,0
9,pypy_3.11,laptop,off,codec-decode,60,6689685,111494.7,8.79,149.54,7.82,11.06,18.18,7.3,53997.6,0
10,pypy_3.11,laptop,off,codec-decode,60,6657099,110951.6,8.83,147.57,7.88,10.97,17.77,7.38,53317.18,0
11,pypy_3.11,laptop,off,codec-decode,60,6674265,111237.7,8.81,149.54,7.76,11.55,17.88,7.25,50374.7,0
12,pypy_3.11,laptop,off,codec-decode,60,6806609,113443.4,8.65,148.05,7.74,10.76,17.69,7.28,53960.79,0
13,pypy_3.11,laptop,off,codec-decode,60,6644308,110738.4,8.88,151.55,7.93,11.12,17.48,7.34,50179.35,0
14,pypy_3.11,laptop,off,codec-decode,60,6765481,112758,8.7,149.55,7.75,11.25,17.3,7.23,59495.69,0
15,pypy_3.11,laptop,off,codec-decode,60,6712434,111873.9,8.78,149.63,7.83,10.61,17.76,7.3,51533.43,0
16,pypy_3.11,laptop,off,codec-decode,60,6755659,112594.3,8.7,146.35,7.79,10.7,17.41,7.27,52554.05,0
17,pypy_3.11,laptop,off,codec-decode,60,6735455,112257.5,8.75,150.29,7.8,11.08,17.27,7.31,53799.9,0
18,pypy_3.11,laptop,off,codec-decode,60,6777654,112960.9,8.66,145.74,7.73,11.21,17.19,7.22,53851.49,0
19,pypy_3.11,laptop,off,codec-decode,60,6694569,111576.1,8.8,149.55,7.89,10.92,17.4,7.37,53802.32,0
20,pypy_3.11,laptop,off,codec-decode,60,6622460,110374.3,8.91,151.74,7.9,11.67,18.61,7.37,50902.04,0
21,pypy_3.11,laptop,off,codec-decode,60,6664704,111078.4,8.85,151.22,7.84,11.54,18.29,7.33,52808.19,0
22,pypy_3.11,laptop,off,codec-decode,60,6590703,109845,8.93,149.39,7.93,11.88,18.09,7.37,51179.87,0
23,pypy_3.11,laptop,off,codec-decode,60,6725674,112094.5,8.74,148.69,7.79,10.98,17.78,7.27,66776.91,0
24,pypy_3.11,laptop,off,codec-decode,60,6678839,111313.9,8.82,150.53,7.84,11.04,17.93,7.34,62639.14,0
25,pypy_3.11,laptop,off,codec-decode,60,6786415,113106.8,8.68,150.43,7.77,10.78,17.16,7.25,59342.85,0
26,pypy_3.11,laptop,off,codec-decode,60,6688346,111472.4,8.81,149.65,7.81,11.87,18.21,7.3,53329.69,0
27,pypy_3.11,laptop,off,codec-decode,60,6715979,111932.9,8.76,148.36,7.75,12.2,18.29,7.23,53451.49,0
28,pypy_3.11,laptop,off,codec-decode,60,6763335,112722.2,8.72,150.49,7.75,10.68,17.74,7.24,50736.51,0
29,pypy_3.11,laptop,off,codec-decode,60,6694075,111567.9,8.81,150.61,7.86,10.91,18,7.34,50330.53,0
30,pypy_3.11,laptop,off,codec-decode,60,6703646,111727.4,8.79,149.48,7.81,11.07,18.31,7.28,52855.31,0
1,rust-cv2x,mk6,off,tx,60,276966,4616.1,215.71,243.8,189.14,261.89,571.67,167.89,10503.2,0
2,rust-cv2x,mk6,off,tx,60,284756,4745.9,209.84,202.36,189.51,251.64,396.16,167.39,11292.12,0
3,rust-cv2x,mk6,off,tx,60,279577,4659.6,213.74,201.4,193.89,256.39,387.53,167.89,11310.13,0
4,rust-cv2x,mk6,off,tx,60,286203,4770,208.76,198.7,189.39,249.39,377.53,167.64,11650.09,0
5,rust-cv2x,mk6,off,tx,60,290009,4833.5,206.1,195.01,189.01,241.27,373.28,167.89,11329.25,0
6,rust-cv2x,mk6,off,tx,60,285680,4761.3,209.07,204.59,189.02,250.39,380.78,166.51,14688.51,0
7,rust-cv2x,mk6,off,tx,60,282206,4703.4,211.73,200.5,193.26,249.52,384.28,171.39,12274.95,0
8,rust-cv2x,mk6,off,tx,60,285635,4760.6,209.12,209.55,189.51,247.77,380.53,167.51,11506.02,0
9,rust-cv2x,mk6,off,tx,60,278140,4635.7,214.77,196.81,195.14,256.64,382.28,171.01,10298.93,0
10,rust-cv2x,mk6,off,tx,60,268491,4474.8,222.59,196.42,206.89,270.15,401.78,171.51,12952.79,0
11,rust-cv2x,mk6,off,tx,60,269694,4494.9,221.58,203.74,206.02,269.52,402.03,169.76,12961.88,0
12,rust-cv2x,mk6,off,tx,60,285707,4761.8,209.12,204.7,190.39,247.02,378.65,169.26,10370.06,0
13,rust-cv2x,mk6,off,tx,60,287506,4791.8,207.79,199.28,190.51,242.52,379.4,169.39,11234.62,0
14,rust-cv2x,mk6,off,tx,60,289411,4823.5,206.43,192.77,189.39,243.89,374.53,167.64,11619.53,0
15,rust-cv2x,mk6,off,tx,60,275851,4597.5,216.53,198.13,200.64,261.4,392.16,162.64,12119.82,0
16,rust-cv2x,mk6,off,tx,60,282379,4706.3,211.5,208.89,193.39,247.89,375.03,171.14,11836.42,0
17,rust-cv2x,mk6,off,tx,60,279235,4653.9,214,200.56,194.01,254.9,388.9,172.14,12319.58,0
18,rust-cv2x,mk6,off,tx,60,281542,4692.4,212.08,200.44,192.14,255.4,386.16,167.51,9861.89,0
19,rust-cv2x,mk6,off,tx,60,277609,4626.8,215.2,199.29,195.26,260.52,400.16,168.14,10223.29,0
20,rust-cv2x,mk6,off,tx,60,284105,4735.1,210.35,203.28,190.64,250.9,382.03,168.51,11794.55,0
21,rust-cv2x,mk6,off,tx,60,283383,4723,210.84,210.53,192.39,246.64,383.4,170.01,11493.27,0
22,rust-cv2x,mk6,off,tx,60,288452,4807.5,207.16,198.18,189.76,242.77,369.53,168.89,11043.24,0
23,rust-cv2x,mk6,off,tx,60,284423,4740.4,210.08,205.59,191.39,247.27,382.28,171.14,13753.45,0
24,rust-cv2x,mk6,off,tx,60,287807,4796.8,207.59,198.25,190.39,243.14,375.4,168.51,11364.01,0
25,rust-cv2x,mk6,off,tx,60,273001,4550,218.9,205.5,203.39,264.39,392.03,167.01,11021.09,0
26,rust-cv2x,mk6,off,tx,60,280513,4675.2,213.03,203.47,193.89,251.02,381.9,172.26,11294.51,0
27,rust-cv2x,mk6,off,tx,60,283433,4723.9,210.82,203.76,192.89,246.52,382.65,172.14,11276.01,0
28,rust-cv2x,mk6,off,tx,60,285557,4759.3,209.22,200.54,191.52,244.89,375.66,171.76,11448,0
29,rust-cv2x,mk6,off,tx,60,286583,4776.4,208.55,195.31,190.64,247.64,378.41,169.26,11649.03,0
30,rust-cv2x,mk6,off,tx,60,287807,4796.8,207.66,197.27,190.27,244.77,382.16,168.64,10330.06,0
1,rust-cv2x,mk6,on,tx,60.001,28290,471.5,2119.56,548.7,2001.66,2368.68,4996.02,1937.28,12947.14,0
2,rust-cv2x,mk6,on,tx,60.001,28327,472.1,2116.89,555.78,1999.41,2379.93,4829.5,1931.4,12085.07,0
3,rust-cv2x,mk6,on,tx,60.001,28357,472.6,2114.6,550.15,1997.4,2359.44,4960.39,1934.65,14136.6,0
4,rust-cv2x,mk6,on,tx,60.001,28309,471.8,2118.17,549.67,2000.16,2382.19,4839.13,1932.4,12896.13,0
5,rust-cv2x,mk6,on,tx,60,28387,473.1,2112.42,544.47,1994.78,2356.93,4849.13,1932.65,14504.88,0
6,rust-cv2x,mk6,on,tx,60.001,28269,471.1,2121.14,543.1,2005.03,2389.56,4925.01,1933.78,13581.55,0
7,rust-cv2x,mk6,on,tx,60.001,28353,472.5,2114.73,527.97,1999.91,2350.31,4865.38,1942.03,13608.69,0
8,rust-cv2x,mk6,on,tx,60.002,28196,469.9,2126.66,531.39,2015.91,2394.94,4834.63,1939.15,12256.83,0
9,rust-cv2x,mk6,on,tx,60.001,28399,473.3,2111.4,585.23,1987.91,2361.68,4928.26,1928.28,14164.37,0
10,rust-cv2x,mk6,on,tx,60,28267,471.1,2121.31,563.67,2001.28,2394.06,5022.64,1934.9,14539.51,0
11,rust-cv2x,mk6,on,tx,60.002,28387,473.1,2112.24,533.07,1994.16,2370.31,4785,1931.9,14043.85,0
12,rust-cv2x,mk6,on,tx,60.001,28305,471.7,2118.45,527.43,2002.41,2396.31,4808.62,1936.78,11236.88,0
13,rust-cv2x,mk6,on,tx,60.001,28227,470.4,2124.32,515.06,2014.28,2409.69,4707.12,1939.28,11908.81,0
14,rust-cv2x,mk6,on,tx,60.001,28206,470.1,2125.93,543.64,2012.78,2409.69,4749.12,1933.03,14411.25,0
15,rust-cv2x,mk6,on,tx,60.001,28358,472.6,2114.6,566.52,1992.78,2374.06,4955.01,1936.4,14654.27,0
16,rust-cv2x,mk6,on,tx,60.002,28242,470.7,2123.1,552.3,2007.04,2388.07,4937.26,1937.28,14325.37,0
17,rust-cv2x,mk6,on,tx,60.002,28355,472.6,2114.85,540.32,1997.41,2391.44,4840.13,1933.4,14702.77,0
18,rust-cv2x,mk6,on,tx,60.001,28381,473,2112.79,538.04,1995.9,2369.43,4643.61,1940.03,12657.86,0
19,rust-cv2x,mk6,on,tx,60,28400,473.3,2111.31,544.38,1994.78,2371.93,4766.62,1929.15,14200.48,0
20,rust-cv2x,mk6,on,tx,60.001,28222,470.4,2124.53,544.03,2012.66,2399.94,4737.74,1935.28,14182.86,0
21,rust-cv2x,mk6,on,tx,60.002,28319,472,2117.28,534.74,2000.28,2392.44,4745.12,1934.28,12252.35,0
22,rust-cv2x,mk6,on,tx,60.001,28191,469.8,2127.03,530.91,2015.78,2410.19,4846.75,1941.53,12743,0
23,rust-cv2x,mk6,on,tx,60.001,28313,471.9,2117.98,527.62,2005.66,2386.94,4609.61,1932.65,12455.72,0
24,rust-cv2x,mk6,on,tx,60,28280,471.3,2120.38,554.51,2004.03,2371.43,4977.26,1936.03,12327.19,0
25,rust-cv2x,mk6,on,tx,60.002,28287,471.4,2119.79,546.17,2003.03,2371.81,4825.13,1943.28,12614.61,0
26,rust-cv2x,mk6,on,tx,60.001,28319,472,2117.42,532.87,2002.28,2390.94,4895.38,1935.78,11489.78,0
27,rust-cv2x,mk6,on,tx,60.001,28243,470.7,2123.1,544.54,2010.03,2401.94,4844.63,1938.9,14385,0
28,rust-cv2x,mk6,on,tx,60,28194,469.9,2126.69,528,2016.16,2397.94,4742.25,1945.53,12162.58,0
29,rust-cv2x,mk6,on,tx,60.001,28208,470.1,2125.7,557.68,2008.91,2382.56,4968.76,1943.4,15109.18,0
30,rust-cv2x,mk6,on,tx,60.002,28156,469.3,2129.64,529.29,2017.91,2413.56,4831.13,1936.65,14149.1,0
1,rust-cv2x,mk6,off,codec-encode,60,473900,7898.3,125.96,7.4,124.38,131.01,164.89,122.76,809.81,0
2,rust-cv2x,mk6,off,codec-encode,60,477398,7956.6,125.04,7.53,123.51,130.26,164.51,122.01,868.69,0
3,rust-cv2x,mk6,off,codec-encode,60,466007,7766.8,128.13,7.37,126.63,133.13,167.39,125.01,841.69,0
4,rust-cv2x,mk6,off,codec-encode,60,479512,7991.9,124.49,7.29,122.89,129.39,163.14,121.51,330.28,0
5,rust-cv2x,mk6,off,codec-encode,60,473690,7894.8,126,7.85,124.38,131.51,167.01,123.01,381.9,0
6,rust-cv2x,mk6,off,codec-encode,60,478951,7982.5,124.62,7.65,123.01,129.76,164.89,121.63,378.03,0
7,rust-cv2x,mk6,off,codec-encode,60,473200,7886.7,126.14,7.78,124.51,131.76,166.89,123.01,354.4,0
8,rust-cv2x,mk6,off,codec-encode,60,474509,7908.5,125.79,7.39,124.26,131.01,165.01,122.76,363.03,0
9,rust-cv2x,mk6,off,codec-encode,60,474866,7914.4,125.66,7.34,124.13,130.51,164.51,122.63,331.28,0
10,rust-cv2x,mk6,off,codec-encode,60,478311,7971.8,124.76,7.15,123.26,129.51,162.64,121.88,342.53,0
11,rust-cv2x,mk6,off,codec-encode,60,479375,7989.6,124.52,7.8,122.89,129.76,165.14,121.63,427.53,0
12,rust-cv2x,mk6,off,codec-encode,60,478504,7975.1,124.7,7.26,123.13,129.63,163.26,121.76,390.9,0
13,rust-cv2x,mk6,off,codec-encode,60,466510,7775.2,127.99,7.02,126.51,133.01,166.26,125.01,287.15,0
14,rust-cv2x,mk6,off,codec-encode,60,479150,7985.8,124.56,6.83,123.13,129.13,161.64,121.63,332.9,0
15,rust-cv2x,mk6,off,codec-encode,60,479708,7995.1,124.44,7.75,122.76,129.76,165.26,121.51,350.53,0
16,rust-cv2x,mk6,off,codec-encode,60,473506,7891.8,126.04,7.69,124.38,131.51,166.14,122.89,384.16,0
17,rust-cv2x,mk6,off,codec-encode,60,479827,7997.1,124.41,6.89,123.01,129.01,161.51,121.63,313.9,0
18,rust-cv2x,mk6,off,codec-encode,60,478261,7971,124.81,7.86,123.13,130.13,165.76,121.76,752.68,0
19,rust-cv2x,mk6,off,codec-encode,60,477635,7960.6,124.93,7.22,123.38,130.01,164.14,122.01,291.52,0
20,rust-cv2x,mk6,off,codec-encode,60,477995,7966.6,124.89,7.1,123.39,129.64,162.51,122.01,426.03,0
21,rust-cv2x,mk6,off,codec-encode,60,474766,7912.8,125.72,7.54,124.13,130.88,165.14,122.64,857.44,0
22,rust-cv2x,mk6,off,codec-encode,60,466763,7779.4,127.9,7.05,126.38,132.76,166.14,124.76,287.15,0
23,rust-cv2x,mk6,off,codec-encode,60,462358,7705.9,129.13,7.18,127.63,134.38,168.39,125.64,283.65,0
24,rust-cv2x,mk6,off,codec-encode,60,477212,7953.5,125.08,7.7,123.51,130.51,165.51,122.01,880.07,0
25,rust-cv2x,mk6,off,codec-encode,60,466804,7780.1,127.89,7.04,126.38,132.64,166.01,124.88,290.15,0
26,rust-cv2x,mk6,off,codec-encode,60,465741,7762.3,128.2,7.83,126.51,133.89,169.26,125.01,397.66,0
27,rust-cv2x,mk6,off,codec-encode,60,477851,7964.2,124.86,7.42,123.26,129.76,163.51,121.88,865.57,0
28,rust-cv2x,mk6,off,codec-encode,60,474040,7900.7,125.91,8.12,124.13,131.88,167.39,122.76,873.94,0
29,rust-cv2x,mk6,off,codec-encode,60,479352,7989.2,124.53,6.85,123.01,129.13,161.64,121.63,523.79,0
30,rust-cv2x,mk6,off,codec-encode,60,478319,7972,124.75,8,123.01,130.39,165.51,121.63,792.06,0
1,rust-cv2x,mk6,off,codec-decode,60,1637537,27292.3,36.07,3.76,35.75,36.13,46.75,34.88,206.27,0
2,rust-cv2x,mk6,off,codec-decode,60,1594582,26576.4,37.02,3.89,36.63,37.13,49.5,35.75,736.68,0
3,rust-cv2x,mk6,off,codec-decode,60,1598223,26637,36.94,3.62,36.63,37.13,48.25,35.63,197.26,0
4,rust-cv2x,mk6,off,codec-decode,60,1616672,26944.5,36.47,3.82,36.13,36.5,49.25,35.25,687.18,0
5,rust-cv2x,mk6,off,codec-decode,60,1583668,26394.5,37.27,4.25,36.88,37.38,51.25,35.88,625.42,0
6,rust-cv2x,mk6,off,codec-decode,60,1611988,26866.5,36.6,3.74,36.25,36.75,47.38,35.38,189.76,0
7,rust-cv2x,mk6,off,codec-decode,60,1621732,27028.9,36.34,3.61,36,36.5,47.25,35.13,186.51,0
8,rust-cv2x,mk6,off,codec-decode,60,1634674,27244.6,36.1,3.99,35.75,36.25,49.25,34.88,652.93,0
9,rust-cv2x,mk6,off,codec-decode,60,1608127,26802.1,36.67,3.66,36.25,36.75,48.38,35.38,192.39,0
10,rust-cv2x,mk6,off,codec-decode,60,1596380,26606.3,36.94,3.6,36.63,37.13,48.75,35.75,184.26,0
11,rust-cv2x,mk6,off,codec-decode,60,1609613,26826.9,36.62,3.66,36.25,36.75,48.5,35.38,183.01,0
12,rust-cv2x,mk6,off,codec-decode,60,1606135,26768.9,36.72,3.71,36.38,36.88,48.63,35.38,217.77,0
13,rust-cv2x,mk6,off,codec-decode,60,1639392,27323.2,35.99,3.73,35.63,36.13,47,34.75,1070.71,0
14,rust-cv2x,mk6,off,codec-decode,60,1582338,26372.3,37.27,3.7,36.88,37.5,48.38,36,192.14,0
15,rust-cv2x,mk6,off,codec-decode,60,1611300,26855,36.61,4.22,36.25,36.75,50.38,35.25,536.54,0
16,rust-cv2x,mk6,off,codec-decode,60,1605870,26764.5,36.71,3.85,36.38,36.88,49.75,35.38,274.52,0
17,rust-cv2x,mk6,off,codec-decode,60,1596767,26612.8,36.97,4,36.63,37.13,50,35.75,739.43,0
18,rust-cv2x,mk6,off,codec-decode,60,1613555,26892.6,36.53,3.59,36.13,36.63,46.5,35.25,189.64,0
19,rust-cv2x,mk6,off,codec-decode,60,1603076,26717.9,36.79,3.8,36.38,36.88,49.5,35.5,254.02,0
20,rust-cv2x,mk6,off,codec-decode,60,1625599,27093.3,36.29,3.64,36,36.38,45.88,35.13,191.14,0
21,rust-cv2x,mk6,off,codec-decode,60,1595352,26589.2,37,3.59,36.63,37.13,48,35.75,269.4,0
22,rust-cv2x,mk6,off,codec-decode,60,1593658,26561,37.08,3.71,36.75,37.25,48.63,35.88,322.52,0
23,rust-cv2x,mk6,off,codec-decode,60,1635247,27254.1,36.07,3.58,35.75,36.13,45.25,35,177.14,0
24,rust-cv2x,mk6,off,codec-decode,60,1618672,26977.9,36.42,4.07,36,36.5,50,35.13,757.31,0
25,rust-cv2x,mk6,off,codec-decode,60,1623264,27054.4,36.35,3.63,36,36.5,47.88,35,427.78,0
26,rust-cv2x,mk6,off,codec-decode,60,1621547,27025.8,36.35,3.83,36,36.5,49,35.13,226.77,0
27,rust-cv2x,mk6,off,codec-decode,60,1630312,27171.9,36.18,4.14,35.75,36.25,49.63,35,699.55,0
28,rust-cv2x,mk6,off,codec-decode,60,1609103,26818.4,36.66,3.6,36.25,36.88,48,35.38,180.51,0
29,rust-cv2x,mk6,off,codec-decode,60,1638407,27306.8,36,3.97,35.63,36.13,49,34.88,471.54,0
30,rust-cv2x,mk6,off,codec-decode,60,1611486,26858.1,36.56,4.36,36.13,36.63,51,35.13,273.9,0
1,rust-cv2x,mk6,on,security-sign,60,34336,572.3,1746.09,37.95,1731.88,1834.14,1872.77,1713.63,1972.03,1746.09
2,rust-cv2x,mk6,on,security-sign,60,34279,571.3,1749,43.37,1731.63,1845.27,1901.65,1714.01,2133.17,1749
3,rust-cv2x,mk6,on,security-sign,60.001,34300,571.7,1747.96,42.92,1731.13,1844.14,1902.65,1713.01,2115.79,1747.96
4,rust-cv2x,mk6,on,security-sign,60.001,34316,571.9,1747.14,39.36,1731.76,1839.02,1877.9,1713.63,2595.45,1747.14
5,rust-cv2x,mk6,on,security-sign,60.001,34313,571.9,1747.22,40.54,1731.26,1839.27,1890.4,1713.76,2073.29,1747.22
6,rust-cv2x,mk6,on,security-sign,60.002,34303,571.7,1747.84,42.02,1732.26,1842.39,1890.77,1713.51,2675.21,1747.84
7,rust-cv2x,mk6,on,security-sign,60.001,34349,572.5,1745.47,37.86,1730.76,1832.89,1874.52,1713.26,1979.4,1745.47
8,rust-cv2x,mk6,on,security-sign,60.001,34278,571.3,1749.07,43.57,1732.01,1843.89,1907.27,1713.51,2247.8,1749.07
9,rust-cv2x,mk6,on,security-sign,60,34329,572.1,1746.45,38.44,1731.88,1836.14,1876.65,1713.01,1957.78,1746.45
10,rust-cv2x,mk6,on,security-sign,60.001,34306,571.8,1747.64,41.25,1731.51,1840.39,1889.27,1713.76,2156.92,1747.64
11,rust-cv2x,mk6,on,security-sign,60.001,34318,572,1747.04,39.15,1731.76,1838.52,1878.27,1713.26,1956.28,1747.04
12,rust-cv2x,mk6,on,security-sign,60.001,34332,572.2,1746.33,38.64,1731.26,1837.14,1879.27,1713.63,1955.4,1746.33
13,rust-cv2x,mk6,on,security-sign,60,34332,572.2,1746.3,38.53,1731.38,1835.14,1875.65,1713.26,1964.03,1746.3
14,rust-cv2x,mk6,on,security-sign,60,34316,571.9,1747.14,40.53,1731.51,1839.64,1887.52,1713.51,2126.92,1747.14
15,rust-cv2x,mk6,on,security-sign,60.001,34344,572.4,1745.73,37.86,1731.63,1834.14,1871.65,1713.26,1956.78,1745.73
16,rust-cv2x,mk6,on,security-sign,60,34328,572.1,1746.5,39.11,1731.13,1837.39,1877.27,1713.38,2036.28,1746.5
17,rust-cv2x,mk6,on,security-sign,60.001,34305,571.7,1747.71,41.94,1731.13,1843.02,1895.02,1712.88,2124.29,1747.71
18,rust-cv2x,mk6,on,security-sign,60,34336,572.3,1746.09,38.69,1732.01,1836.39,1876.27,1713.76,2662.58,1746.09
19,rust-cv2x,mk6,on,security-sign,60.001,34319,572,1746.95,38.45,1732.88,1837.39,1875.15,1713.88,1956.53,1746.95
20,rust-cv2x,mk6,on,security-sign,60.002,34278,571.3,1749.09,44.35,1731.38,1845.39,1907.65,1713.13,2485.32,1749.09
21,rust-cv2x,mk6,on,security-sign,60.001,34326,572.1,1746.61,39.22,1731.38,1835.89,1882.15,1713.51,2123.79,1746.61
22,rust-cv2x,mk6,on,security-sign,60.002,34333,572.2,1746.31,38.97,1730.76,1836.64,1878.02,1713.13,1956.9,1746.31
23,rust-cv2x,mk6,on,security-sign,60,34276,571.3,1749.17,44.5,1731.88,1845.27,1905.77,1714.13,3317.51,1749.17
24,rust-cv2x,mk6,on,security-sign,60.002,34306,571.7,1747.65,39.94,1732.38,1838.77,1880.77,1713.88,2386.19,1747.65
25,rust-cv2x,mk6,on,security-sign,60.001,34278,571.3,1749.08,44.78,1731.51,1847.77,1911.9,1712.76,2194.42,1749.08
26,rust-cv2x,mk6,on,security-sign,60,34335,572.2,1746.18,38.56,1731.26,1836.39,1875.27,1712.88,1957.53,1746.18
27,rust-cv2x,mk6,on,security-sign,60,34305,571.7,1747.69,41.62,1731.51,1840.89,1893.4,1713.13,2211.3,1747.69
28,rust-cv2x,mk6,on,security-sign,60.001,34324,572.1,1746.77,39.53,1731.63,1838.14,1882.9,1712.01,2177.55,1746.77
29,rust-cv2x,mk6,on,security-sign,60.002,34338,572.3,1746.07,38.2,1731.39,1835.77,1872.77,1712.01,1969.9,1746.07
30,rust-cv2x,mk6,on,security-sign,60.001,34327,572.1,1746.61,39.52,1731.14,1837.39,1885.02,1713.38,2111.29,1746.61
1,cpython_3.13,rpi5,off,rx,60.013,717576,11957,33.18,0.59,33.13,33.83,35.54,32.05,97.54,0
2,cpython_3.13,rpi5,off,rx,60.012,713431,11888.1,33.58,0.63,33.54,34.22,35.95,32.35,104.59,0
3,cpython_3.13,rpi5,off,rx,60.006,711008,11848.9,33.57,0.61,33.54,34.24,35.76,32.28,102.2,0
4,cpython_3.13,rpi5,off,rx,60.009,716363,11937.6,33.4,0.62,33.35,34.07,35.67,32.13,94.89,0
5,cpython_3.13,rpi5,off,rx,60.012,713495,11889.1,33.6,0.64,33.55,34.31,35.96,32.39,109.85,0
6,cpython_3.13,rpi5,off,rx,60.031,712652,11871.4,33.49,0.66,33.44,34.19,35.87,32.22,128.06,0
7,cpython_3.13,rpi5,off,rx,60.031,715057,11911.5,33.49,0.61,33.45,34.15,35.74,32.22,99.28,0
8,cpython_3.13,rpi5,off,rx,60.009,705905,11763.2,33.82,0.62,33.78,34.52,36.09,32.5,99.67,0
9,cpython_3.13,rpi5,off,rx,60.004,709652,11826.8,33.56,0.63,33.5,34.28,35.85,32.41,112.11,0
10,cpython_3.13,rpi5,off,rx,60.002,711158,11852.3,33.4,0.61,33.35,34.09,35.7,32.15,104.31,0
11,cpython_3.13,rpi5,off,rx,60.011,710572,11840.7,33.41,0.65,33.39,34.09,35.69,32,108.13,0
12,cpython_3.13,rpi5,off,rx,60.039,709785,11822,33.63,0.63,33.59,34.37,36.02,32.3,104.7,0
13,cpython_3.13,rpi5,off,rx,60.034,714295,11898.1,33.59,0.65,33.54,34.3,35.81,32.33,107.94,0
14,cpython_3.13,rpi5,off,rx,60.02,710868,11843.8,33.32,0.62,33.28,34.04,35.52,32.11,105.96,0
15,cpython_3.13,rpi5,off,rx,60.078,711984,11850.9,33.32,0.65,33.28,34.04,35.57,31.98,105,0
16,cpython_3.13,rpi5,off,rx,60.005,713055,11883.3,33.5,0.61,33.45,34.17,35.94,32.28,104.44,0
17,cpython_3.13,rpi5,off,rx,60.004,711331,11854.7,33.42,0.61,33.37,34.07,35.63,32.19,110,0
18,cpython_3.13,rpi5,off,rx,60,712140,11869,33.17,0.65,33.13,33.85,35.48,31.96,109.74,0
19,cpython_3.13,rpi5,off,rx,60.038,711753,11855,33.63,0.68,33.57,34.46,35.87,32.26,123.15,0
20,cpython_3.13,rpi5,off,rx,60.004,713179,11885.5,33.38,0.64,33.33,34.04,35.59,32.11,107.46,0
21,cpython_3.13,rpi5,off,rx,60.006,708121,11800.8,33.59,0.61,33.56,34.26,35.83,32.2,110.65,0
22,cpython_3.13,rpi5,off,rx,60.01,711875,11862.7,33.29,0.6,33.24,33.95,35.52,32.06,100.76,0
23,cpython_3.13,rpi5,off,rx,60.001,711104,11851.6,33.37,0.63,33.33,34.06,35.7,32.15,110.35,0
24,cpython_3.13,rpi5,off,rx,60,711220,11853.7,33.35,0.63,33.31,34.07,35.56,32.07,105.76,0
25,cpython_3.13,rpi5,off,rx,60.002,715372,11922.5,33.25,0.62,33.2,33.94,35.46,31.85,94.5,0
26,cpython_3.13,rpi5,off,rx,60.004,710111,11834.3,33.47,0.61,33.43,34.13,35.81,32.24,101.85,0
27,cpython_3.13,rpi5,off,rx,60.033,713272,11881.3,33.18,0.6,33.13,33.85,35.46,31.94,106.93,0
28,cpython_3.13,rpi5,off,rx,60.007,709265,11819.8,33.41,0.61,33.35,34.09,35.59,32.17,99.15,0
29,cpython_3.13,rpi5,off,rx,60.013,715252,11918.3,33.35,0.62,33.31,34,35.61,32.04,111.39,0
30,cpython_3.13,rpi5,off,rx,60,709738,11829,33.41,0.64,33.37,34.09,35.81,32.15,120.8,0
1,rust,laptop,off,tx,60,2648521,44142,22.58,236.91,20.56,26.5,37.3,17.99,52134.93,0
2,rust,laptop,off,tx,60,2684945,44749.1,22.27,235.03,20.53,24.82,32.02,17.97,52618.49,0
3,rust,laptop,off,tx,60,2660061,44334.3,22.48,236.14,20.66,25.4,34,18.07,52666.76,0
4,rust,laptop,off,tx,60,2699157,44985.9,22.15,234.46,20.42,24.29,32.23,18.03,52552.77,0
5,rust,laptop,off,tx,60,2689851,44830.8,22.21,232.77,20.44,24.98,33.05,18.09,50869.68,0
6,rust,laptop,off,tx,60,2696828,44947.1,22.17,234.56,20.39,24.77,32.82,18.16,53754.98,0
7,rust,laptop,off,tx,60,2702945,45049.1,22.12,234.33,20.37,24.63,32.74,17.9,51788.32,0
8,rust,laptop,off,tx,60,2680486,44674.8,22.31,236.09,20.58,24.62,31.39,18.3,51265.97,0
9,rust,laptop,off,tx,60,2690054,44834.2,22.23,234.6,20.46,24.64,32.06,17.89,53557.77,0
10,rust,laptop,off,tx,60,2703996,45066.6,22.11,234.28,20.34,24.55,32.67,18.17,53783.25,0
11,rust,laptop,off,tx,60,2695301,44921.7,22.18,234.37,20.34,25.49,33.7,17.79,52746.34,0
12,rust,laptop,off,tx,60,2681015,44683.6,22.3,234.96,20.55,24.83,32.33,18.06,53563.49,0
13,rust,laptop,off,tx,60,2678057,44634.3,22.33,235,20.58,25.1,32.52,17.96,52590.68,0
14,rust,laptop,off,tx,60,2689314,44821.9,22.23,234.68,20.49,24.71,31.84,18.18,53936.42,0
15,rust,laptop,off,tx,60,2690970,44849.5,22.22,234.52,20.42,24.9,33.33,18.23,52382.27,0
16,rust,laptop,off,tx,60,2677155,44619.2,22.34,235.08,20.62,24.63,31.99,17.98,52423.93,0
17,rust,laptop,off,tx,60,2680617,44676.9,22.31,235.18,20.44,25.01,33.66,18.09,52474.56,0
18,rust,laptop,off,tx,60,2660637,44343.9,22.44,231.81,20.67,25.6,33.4,18.22,52579.11,0
19,rust,laptop,off,tx,60,2668041,44467.3,22.41,235.52,20.52,26.05,33.93,18.21,50321.42,0
20,rust,laptop,off,tx,60,2661137,44352.3,22.47,235.92,20.61,25.84,33.45,18.28,50598.88,0
21,rust,laptop,off,tx,60,2710024,45167.1,22.05,231.83,20.34,24.27,31.88,17.81,53809.72,0
22,rust,laptop,off,tx,60,2688494,44808.2,22.24,234.56,20.54,24.45,31.28,18.23,53948.77,0
23,rust,laptop,off,tx,60,2671870,44531.2,22.38,235.6,20.46,26.05,34.31,17.92,53873.8,0
24,rust,laptop,off,tx,60,2694663,44911,22.17,232.54,20.41,24.63,32.71,17.95,50664.93,0
25,rust,laptop,off,tx,60,2692758,44879.3,22.21,234.6,20.45,24.75,32.74,18.21,50473.99,0
26,rust,laptop,off,tx,60,2694836,44913.9,22.19,234.62,20.45,24.61,32.21,17.98,52181.3,0
27,rust,laptop,off,tx,60,2670666,44511.1,22.39,235.55,20.5,25.73,34.56,17.96,50420.59,0
28,rust,laptop,off,tx,60,2692683,44878,22.21,234.69,20.44,24.7,32.27,18.06,50337.36,0
29,rust,laptop,off,tx,60,2673841,44564,22.36,235.38,20.63,24.63,31.86,18.36,54098.1,0
30,rust,laptop,off,tx,60,2684815,44746.9,22.27,235.48,20.54,24.56,31.49,18.08,50998.35,0
1,rust,laptop,on,tx,60,296698,4945,202.11,716.16,182.94,215.89,480.73,85.11,51179.42,0
2,rust,laptop,on,tx,60,297075,4951.2,201.85,719.72,182.91,217.37,472.2,20.71,52811.11,0
3,rust,laptop,on,tx,60,296063,4934.4,202.54,717.92,182.9,218.63,501.1,48.02,54215.31,0
4,rust,laptop,on,tx,60,298593,4976.5,200.82,713.92,182.93,209.53,474.03,66.69,54186.75,0
5,rust,laptop,on,tx,60,297218,4953.6,201.75,724.16,182.91,213.22,486.37,66.48,52912.92,0
6,rust,laptop,on,tx,60,297527,4958.8,201.55,728.07,182.91,212.48,472.11,27.34,52851.72,0
7,rust,laptop,on,tx,60,297313,4955.2,201.69,728.3,182.9,212.16,489.23,85.56,52809.94,0
8,rust,laptop,on,tx,60,298231,4970.5,201.07,722.94,182.89,211.8,471.57,74.06,53771.96,0
9,rust,laptop,on,tx,60,296096,4934.9,202.52,718.27,182.9,220.11,513.76,54.99,54516.24,0
10,rust,laptop,on,tx,60,297322,4955.4,201.68,721.02,182.92,217.29,473.82,145.5,53942.22,0
11,rust,laptop,on,tx,60,296726,4945.4,202.09,719.08,182.91,217.43,492.91,89.56,54165.64,0
12,rust,laptop,on,tx,60,295936,4932.3,202.63,730.12,182.97,221.59,510.14,125.76,51809.21,0
13,rust,laptop,on,tx,60,296475,4941.2,202.26,719.16,182.98,223.17,474.11,35.6,54186.44,0
14,rust,laptop,on,tx,60,298356,4972.6,200.98,722.09,182.95,212.2,471.17,51.64,53581.39,0
15,rust,laptop,on,tx,60,297504,4958.4,201.56,714.34,182.91,210.14,513.08,37.39,51077.13,0
16,rust,laptop,on,tx,60,297674,4961.2,201.44,721.42,182.91,211.43,476.35,42.51,54084.67,0
17,rust,laptop,on,tx,60,296565,4942.7,202.03,715.72,182.92,218.62,480.08,68.66,51290.97,0
18,rust,laptop,on,tx,60,295768,4929.5,202.74,721.51,182.92,219.72,514.19,84.21,54101.04,0
19,rust,laptop,on,tx,60,296972,4949.5,201.92,716.44,182.93,219.97,478.57,96.29,50699.61,0
20,rust,laptop,on,tx,60,296376,4939.6,202.33,715.16,182.92,218.57,513.53,70.14,53246.09,0
21,rust,laptop,on,tx,60,295643,4927.4,202.83,718.77,182.94,224.97,512.75,148.73,52917.45,0
22,rust,laptop,on,tx,60,296322,4938.7,202.36,745.65,182.91,217.68,477.89,116.96,93276.34,0
23,rust,laptop,on,tx,60,297228,4953.8,201.75,719.44,182.94,216.57,474.8,47.49,51675.12,0
24,rust,laptop,on,tx,60,296720,4945.3,202.09,730.35,182.9,212.7,490.72,36.93,52839.02,0
25,rust,laptop,on,tx,60,296234,4937.2,202.42,718.04,182.91,221.2,513.4,94.6,50923.88,0
26,rust,laptop,on,tx,60,297650,4960.8,201.46,721.51,182.89,215.48,472.62,111.7,53942.61,0
27,rust,laptop,on,tx,60,297492,4958.2,201.57,716.3,182.92,211.89,482.66,109.56,54243.91,0
28,rust,laptop,on,tx,60,297212,4953.5,201.76,714.85,182.91,214.69,494.17,98.08,54366.18,0
29,rust,laptop,on,tx,60,296176,4936.3,202.47,716.66,182.89,215.49,514.03,95.61,50651.73,0
30,rust,laptop,on,tx,60,298150,4969.2,201.12,717.95,182.92,212.9,472.35,42.32,54159.16,0
1,rust,laptop,off,codec-encode,60,5917238,98620.6,10.08,159.45,9.16,10.8,21.53,8.78,51082.32,0
2,rust,laptop,off,codec-encode,60,5908602,98476.7,10.08,158.28,9.19,10.6,21.03,8.79,50484.1,0
3,rust,laptop,off,codec-encode,60,5925400,98756.6,10.06,159.38,9.12,11.69,21.47,8.75,52939.96,0
4,rust,laptop,off,codec-encode,60,5871492,97858.2,10.16,159.95,9.19,12.43,21.78,8.79,53426.24,0
5,rust,laptop,off,codec-encode,60,5942741,99045.7,10.04,159.22,9.12,10.75,21.5,8.67,52461.75,0
6,rust,laptop,off,codec-encode,60,5948088,99134.8,10.03,159.14,9.13,10.66,20.82,8.73,52424.7,0
7,rust,laptop,off,codec-encode,60,5953410,99223.5,10.02,159.13,9.13,10.24,21.44,8.73,52414.43,0
8,rust,laptop,off,codec-encode,60,5952699,99211.6,10.02,159.03,9.14,9.9,20.58,8.76,52308.81,0
9,rust,laptop,off,codec-encode,60,5978536,99642.3,9.97,158.65,9.11,9.75,20.5,8.71,53836.6,0
10,rust,laptop,off,codec-encode,60,5929380,98823,10.05,157.97,9.16,9.99,20.54,8.78,53846.38,0
11,rust,laptop,off,codec-encode,60,5977323,99622,9.98,158.5,9.11,9.55,20.2,8.72,53711.26,0
12,rust,laptop,off,codec-encode,60,5993913,99898.5,9.95,158.46,9.13,9.41,20.03,8.74,50149.56,0
13,rust,laptop,off,codec-encode,60,5985894,99764.9,9.95,155.57,9.14,9.41,20.24,8.76,52815.7,0
14,rust,laptop,off,codec-encode,60,5989528,99825.5,9.95,157,9.13,9.41,20.22,8.77,50570.85,0
15,rust,laptop,off,codec-encode,60,5984787,99746.4,9.97,158.66,9.14,9.43,20.01,8.75,53229.33,0
16,rust,laptop,off,codec-encode,60,5979098,99651.6,9.97,157.18,9.17,9.44,20.24,8.74,51216.68,0
17,rust,laptop,off,codec-encode,60,6011399,100190,9.91,156.94,9.11,9.35,20.41,8.73,53977.54,0
18,rust,laptop,off,codec-encode,60,5998085,99968.1,9.95,158.49,9.14,9.4,20.14,8.77,52533.4,0
19,rust,laptop,off,codec-encode,60,5960620,99343.6,10,157.47,9.17,9.46,20.12,8.8,53669.39,0
20,rust,laptop,off,codec-encode,60,6017849,100297.5,9.91,158.16,9.12,9.36,20.14,8.73,50196.59,0
21,rust,laptop,off,codec-encode,60,6006632,100110.5,9.93,158.22,9.12,9.39,19.96,8.75,53829.96,0
22,rust,laptop,off,codec-encode,60,5996240,99937.3,9.95,158.38,9.14,9.4,20.17,8.76,51323.4,0
23,rust,laptop,off,codec-encode,60,5989999,99833.3,9.96,158.48,9.14,9.42,20.06,8.77,51894.53,0
24,rust,laptop,off,codec-encode,60,5977852,99630.9,9.97,157.32,9.15,9.39,21.41,8.77,52479.68,0
25,rust,laptop,off,codec-encode,60,5983749,99729.1,9.97,158.58,9.16,9.42,20.07,8.78,53048.87,0
26,rust,laptop,off,codec-encode,60,5981934,99698.9,9.96,157.36,9.14,9.41,20.49,8.76,51679.41,0
27,rust,laptop,off,codec-encode,60,5987014,99783.6,9.96,158.57,9.13,9.43,20.13,8.76,53269.55,0
28,rust,laptop,off,codec-encode,60,5951246,99187.4,10.02,157.95,9.15,9.51,20.29,8.75,51976.04,0
29,rust,laptop,off,codec-encode,60,5986424,99773.7,9.96,157.28,9.17,9.42,19.57,8.79,52392.72,0
30,rust,laptop,off,codec-encode,60,6018780,100313,9.91,158.11,9.14,9.36,20.32,8.7,51685.15,0
1,rust,laptop,off,codec-decode,60,20975918,349598.6,2.8,84.01,2.58,2.67,5.74,2.45,51658.51,0
2,rust,laptop,off,codec-decode,60,20918359,348639.3,2.81,84.76,2.58,2.69,5.66,2.45,51115.9,0
3,rust,laptop,off,codec-decode,60,20847887,347464.8,2.82,84.17,2.59,2.7,5.67,2.46,50477.03,0
4,rust,laptop,off,codec-decode,60,20893945,348232.4,2.81,84.03,2.58,2.69,5.72,2.44,52774.59,0
5,rust,laptop,off,codec-decode,60,20877092,347951.5,2.81,84.14,2.58,2.69,5.69,2.45,51253,0
6,rust,laptop,off,codec-decode,60,20899500,348325,2.81,83.48,2.58,2.69,5.73,2.45,52474.28,0
7,rust,laptop,off,codec-decode,60,20825527,347092.1,2.83,85.03,2.58,2.7,5.73,2.45,50957.32,0
8,rust,laptop,off,codec-decode,60,20988082,349801.4,2.8,84.07,2.58,2.68,5.71,2.46,52401.41,0
9,rust,laptop,off,codec-decode,60,20912123,348535.4,2.81,84.79,2.58,2.69,5.69,2.46,51412.01,0
10,rust,laptop,off,codec-decode,60,20878883,347981.4,2.82,84.05,2.58,2.69,5.66,2.44,50569.03,0
11,rust,laptop,off,codec-decode,60,20891432,348190.5,2.81,82.89,2.58,2.69,5.71,2.45,52408.12,0
12,rust,laptop,off,codec-decode,60,19864590,331076.5,2.96,87.11,2.71,2.83,6.01,2.57,52500.88,0
13,rust,laptop,off,codec-decode,60,20940416,349006.9,2.81,84.08,2.58,2.69,5.65,2.44,52430.17,0
14,rust,laptop,off,codec-decode,60,20844501,347408.3,2.82,84.88,2.58,2.69,5.72,2.45,50750.98,0
15,rust,laptop,off,codec-decode,60,20888780,348146.3,2.81,82.78,2.58,2.69,5.7,2.45,50736.61,0
16,rust,laptop,off,codec-decode,60,20794924,346582,2.83,84.27,2.58,2.7,5.74,2.45,52331.76,0
17,rust,laptop,off,codec-decode,60,20916781,348613,2.81,83.91,2.58,2.69,5.7,2.45,52985.26,0
18,rust,laptop,off,codec-decode,60,20858822,347647,2.82,83.52,2.58,2.68,5.79,2.46,51811.09,0
19,rust,laptop,off,codec-decode,60,20931420,348857,2.81,83.95,2.58,2.69,5.66,2.45,51483.9,0
20,rust,laptop,off,codec-decode,60,20921212,348686.9,2.81,84.21,2.58,2.67,5.85,2.44,52382.83,0
21,rust,laptop,off,codec-decode,60,20915272,348587.9,2.81,82.51,2.58,2.68,5.7,2.46,50622.12,0
22,rust,laptop,off,codec-decode,60,20840875,347347.9,2.81,82.15,2.58,2.7,5.67,2.45,51902.6,0
23,rust,laptop,off,codec-decode,60,20703901,345065,2.84,83.73,2.6,2.73,5.71,2.46,50573.26,0
24,rust,laptop,off,codec-decode,60,20811092,346851.5,2.82,82.98,2.58,2.7,5.71,2.45,52896.69,0
25,rust,laptop,off,codec-decode,60,20874837,347913.9,2.82,84.85,2.58,2.69,5.72,2.46,50733.05,0
26,rust,laptop,off,codec-decode,60,20928930,348815.5,2.81,83.99,2.57,2.68,5.71,2.45,53081.72,0
27,rust,laptop,off,codec-decode,60,20902188,348369.8,2.81,84.85,2.58,2.69,5.72,2.45,52554.3,0
28,rust,laptop,off,codec-decode,60,20895382,348256.3,2.81,83.35,2.58,2.69,5.7,2.45,53666.36,0
29,rust,laptop,off,codec-decode,60,20858889,347648.1,2.82,84.89,2.58,2.69,5.74,2.45,52123.96,0
30,rust,laptop,off,codec-decode,60,20755813,345930.2,2.83,83.58,2.58,2.71,5.67,2.46,51626.03,0
1,cpython_3.13,laptop,off,codec-decode,60,2211850,36864.2,26.77,258.73,24.61,26.38,54.11,23.12,51875.54,0
2,cpython_3.13,laptop,off,codec-decode,60,2178858,36314.3,27.21,262.85,24.91,26.98,55.23,23.25,50614.74,0
3,cpython_3.13,laptop,off,codec-decode,60,2216100,36935,26.75,260.97,24.55,26.24,54.35,23.08,52402.68,0
4,cpython_3.13,laptop,off,codec-decode,60,2206620,36777,26.84,259.53,24.66,26.44,54.11,23.17,52047.47,0
5,cpython_3.13,laptop,off,codec-decode,60,2200777,36679.6,26.93,259.58,24.76,26.41,54.44,23.16,54036.96,0
6,cpython_3.13,laptop,off,codec-decode,60,2169122,36152,27.33,263.61,24.97,27.29,55.35,23.31,53318.48,0
7,cpython_3.13,laptop,off,codec-decode,60,2182018,36366.9,27.16,260.79,24.94,26.86,54.07,23.37,51873.66,0
8,cpython_3.13,laptop,off,codec-decode,60,2212383,36873,26.81,260.99,24.52,26.68,54.28,23.02,52581.52,0
9,cpython_3.13,laptop,off,codec-decode,60,2206801,36780,26.87,261.51,24.67,26.41,54.54,23.12,52680.15,0
10,cpython_3.13,laptop,off,codec-decode,60,2187547,36459.1,27.08,260.75,24.82,26.82,54.96,23.29,50884.85,0
11,cpython_3.13,laptop,off,codec-decode,60,2209359,36822.6,26.84,261.56,24.64,26.34,54.1,23.14,51515.32,0
12,cpython_3.13,laptop,off,codec-decode,60,2227254,37120.9,26.61,260.36,24.47,26.25,52.17,22.98,53171.01,0
13,cpython_3.13,laptop,off,codec-decode,60,2226502,37108.4,26.6,257.86,24.45,26.3,52.97,22.94,50587.53,0
14,cpython_3.13,laptop,off,codec-decode,60,2232845,37214.1,26.56,259.98,24.4,26.13,54.24,22.91,52466.1,0
15,cpython_3.13,laptop,off,codec-decode,60,2221832,37030.5,26.67,260.35,24.51,26.18,54.38,22.95,52664.54,0
16,cpython_3.13,laptop,off,codec-decode,60,2152082,35868,27.52,264.65,25.23,27.11,56.14,23.68,50818.3,0
17,cpython_3.13,laptop,off,codec-decode,60,2215252,36920.9,26.74,258.9,24.56,26.46,54.14,22.99,53323.88,0
18,cpython_3.13,laptop,off,codec-decode,60,2204868,36747.8,26.87,259.18,24.62,26.49,54.72,23.11,50784.96,0
19,cpython_3.13,laptop,off,codec-decode,60,2211137,36852.3,26.77,256.41,24.63,26.34,54.27,23.13,51295.7,0
20,cpython_3.13,laptop,off,codec-decode,60,2191878,36531.3,27.04,262.4,24.88,26.61,52.57,23.37,53033.47,0
21,cpython_3.13,laptop,off,codec-decode,60,2212693,36878.2,26.75,256.35,24.61,26.25,54.42,23.09,52681.61,0
22,cpython_3.13,laptop,off,codec-decode,60,2198277,36637.9,26.95,261.9,24.74,26.67,53.28,23.24,50540.68,0
23,cpython_3.13,laptop,off,codec-decode,60,2215117,36918.6,26.77,261.06,24.59,26.21,54.81,23.06,53794.27,0
24,cpython_3.13,laptop,off,codec-decode,60,2222717,37045.3,26.68,260.37,24.41,26.38,54.47,22.84,51457.82,0
25,cpython_3.13,laptop,off,codec-decode,60,2191438,36524,27.05,262.3,24.88,26.45,55.17,23.39,52442.24,0
26,cpython_3.13,laptop,off,codec-decode,60,2177792,36296.5,27.22,263.05,24.97,26.96,54.19,23.47,53800.69,0
27,cpython_3.13,laptop,off,codec-decode,60,2215578,36926.3,26.75,260.96,24.53,26.36,54.49,23.08,50507.65,0
28,cpython_3.13,laptop,off,codec-decode,60,2188957,36482.6,27.07,260.46,24.88,26.6,54.66,23.4,52305.78,0
29,cpython_3.13,laptop,off,codec-decode,60,2193134,36552.2,27.04,262.35,24.8,26.68,54.58,23.22,53106.7,0
30,cpython_3.13,laptop,off,codec-decode,60,2185800,36430,27.09,260.2,24.9,26.63,54.75,23.32,51548.43,0
1,rust,laptop,on,security-sign,60,301833,5030.5,198.71,708.45,182.78,189.36,403.85,181.25,52731.64,198.71
2,rust,laptop,on,security-sign,60,301349,5022.5,199.03,708.45,182.75,190.79,404.52,181.31,53005.6,199.03
3,rust,laptop,on,security-sign,60,301694,5028.2,198.81,708.72,182.71,187.42,405.94,181.24,52967.99,198.81
4,rust,laptop,on,security-sign,60,301441,5024,198.97,708.96,182.74,190.87,404.46,181.24,51383.42,198.97
5,rust,laptop,on,security-sign,60,301803,5030,198.73,706.8,182.79,189.29,403.38,181.2,51119.45,198.73
6,rust,laptop,on,security-sign,60,302242,5037.4,198.45,708.1,182.78,189.05,404.57,181.14,53541.81,198.45
7,rust,laptop,on,security-sign,60,301972,5032.8,198.62,707.67,182.76,189.48,404.15,181.23,50890.59,198.62
8,rust,laptop,on,security-sign,60,302020,5033.7,198.59,707.4,182.74,189.65,397.77,181.24,51790.53,198.59
9,rust,laptop,on,security-sign,60,302112,5035.2,198.53,707.32,182.76,189.69,403.27,181.21,52603.05,198.53
10,rust,laptop,on,security-sign,60,301435,5023.9,198.98,708.26,182.78,189.18,403.91,181.31,52097.32,198.98
11,rust,laptop,on,security-sign,60,302197,5036.6,198.48,707.63,182.74,187.43,404.27,181.17,52007.54,198.48
12,rust,laptop,on,security-sign,60,302347,5039.1,198.38,707.38,182.73,188.94,404.28,181.25,52781.42,198.38
13,rust,laptop,on,security-sign,60,301654,5027.6,198.83,708.58,182.75,189.29,409.28,181.28,53646.19,198.83
14,rust,laptop,on,security-sign,60,302068,5034.5,198.56,708.17,182.77,189.38,404.15,181.22,51853.41,198.56
15,rust,laptop,on,security-sign,60,302061,5034.3,198.57,708.63,182.73,188.75,404.71,181.26,52322.08,198.57
16,rust,laptop,on,security-sign,60,299313,4988.5,200.39,711.78,184.28,190.91,407.98,182.76,52942.07,200.39
17,rust,laptop,on,security-sign,60,302100,5035,198.54,707.66,182.76,188.67,404.01,181.24,50824.69,198.54
18,rust,laptop,on,security-sign,60,301635,5027.2,198.85,709.11,182.75,189.11,407.6,181.24,52542.24,198.85
19,rust,laptop,on,security-sign,60,301569,5026.1,198.89,707.89,182.77,188.58,405.45,181.21,51187.51,198.89
20,rust,laptop,on,security-sign,60,301776,5029.6,198.75,708.05,182.73,189.18,405.06,181.21,54033.36,198.75
21,rust,laptop,on,security-sign,60,301861,5031,198.69,708.57,182.74,189.12,404.24,181.25,52411.26,198.69
22,rust,laptop,on,security-sign,60,301846,5030.8,198.71,709.8,182.71,188.21,407.91,181.22,52888.46,198.71
23,rust,laptop,on,security-sign,60,301826,5030.4,198.72,708.13,182.77,188.78,403.99,181.27,52949.6,198.72
24,rust,laptop,on,security-sign,60,301264,5021,199.09,709.06,182.74,189.41,405.5,181.18,54160.98,199.09
25,rust,laptop,on,security-sign,60,301912,5031.8,198.66,707.44,182.71,188.58,403.52,181.2,52480.99,198.66
26,rust,laptop,on,security-sign,60,299148,4985.8,200.5,711.15,184.31,192.98,406.78,182.74,52514.24,200.5
27,rust,laptop,on,security-sign,60,301826,5030.4,198.72,708.94,182.75,188.66,404.44,181.32,53018.22,198.72
28,rust,laptop,on,security-sign,60,301364,5022.7,199.02,709.06,182.76,191.5,403.49,181.28,54120.1,199.02
29,rust,laptop,on,security-sign,60,299141,4985.7,200.5,710.98,184.27,191.24,406.99,182.72,51786.65,200.5
30,rust,laptop,on,security-sign,60,301167,5019.4,199.15,708.61,182.73,192.07,404.91,181.27,52975.31,199.15
1,rust,laptop,off,rx,60,1179083,19651.4,3.12,0.91,3.04,3.42,5.77,2.68,155.2,0
2,rust,laptop,off,rx,60,1183074,19717.9,3.12,0.97,3.03,3.42,5.71,2.68,160.88,0
3,rust,laptop,off,rx,60,1149432,19157.2,3.16,1,3.04,3.47,6.17,2.67,175.85,0
4,rust,laptop,off,rx,60,1102957,18382.6,3.16,1.89,3.02,3.47,6.43,2.66,1121.32,0
5,rust,laptop,off,rx,60,1152665,19211.1,3.13,0.93,3.04,3.42,6.11,2.67,384.94,0
6,rust,laptop,off,rx,60,1168809,19480.1,3.11,0.73,3.04,3.4,5.46,2.68,158.34,0
7,rust,laptop,off,rx,60,1162734,19378.9,3.14,0.87,3.04,3.46,6.11,2.66,168.17,0
8,rust,laptop,off,rx,60,1154539,19242.3,3.1,0.67,3.03,3.4,5.39,2.69,79.46,0
9,rust,laptop,off,rx,60,1192899,19881.6,3.11,0.73,3.05,3.42,5.58,2.69,166.54,0
10,rust,laptop,off,rx,60,1173257,19554.3,3.1,0.92,3.04,3.4,5.44,2.68,221.7,0
11,rust,laptop,off,rx,60,1179167,19652.8,3.12,0.95,3.03,3.44,5.38,2.68,472.88,0
12,rust,laptop,off,rx,60,1173937,19565.6,3.11,1.09,3.03,3.4,5.58,2.68,193.21,0
13,rust,laptop,off,rx,60,1193116,19885.2,3.12,1.23,3.04,3.41,5.77,2.68,547.94,0
14,rust,laptop,off,rx,60,1189493,19824.9,3.11,1.15,3.02,3.4,5.58,2.69,333.13,0
15,rust,laptop,off,rx,60,1167779,19463,3.13,1.01,3.04,3.43,6.14,2.69,337.8,0
16,rust,laptop,off,rx,60,1183526,19725.4,3.1,1.33,3.04,3.39,5.34,2.68,1112.24,0
17,rust,laptop,off,rx,60,1194836,19913.9,3.13,1.4,3.04,3.41,5.85,2.69,705.33,0
18,rust,laptop,off,rx,60,1190463,19841,3.1,1.55,3.04,3.38,5.43,2.69,1317.47,0
19,rust,laptop,off,rx,60,1192695,19878.2,3.1,0.74,3.03,3.42,5.34,2.68,229.44,0
20,rust,laptop,off,rx,60,1192234,19870.6,3.11,0.87,3.04,3.4,5.58,2.68,177.19,0
21,rust,laptop,off,rx,60,1184291,19738.2,3.12,3.1,3.03,3.44,5.65,2.69,1765.01,0
22,rust,laptop,off,rx,60,1187614,19793.6,3.09,0.73,3.03,3.39,4.95,2.69,173.68,0
23,rust,laptop,off,rx,60,1166649,19444.1,3.12,1.05,3.01,3.47,5.77,2.66,202.78,0
24,rust,laptop,off,rx,60,1185397,19756.6,3.12,1.04,3.04,3.42,5.6,2.69,491.26,0
25,rust,laptop,off,rx,60,1187664,19794.4,3.13,1.1,3.03,3.42,5.75,2.68,202.65,0
26,rust,laptop,off,rx,60,1182628,19710.4,3.11,0.94,3.04,3.41,5.53,2.68,183.39,0
27,rust,laptop,off,rx,60,1182575,19709.6,3.11,0.92,3.04,3.4,5.33,2.67,236.1,0
28,rust,laptop,off,rx,60,1177802,19630,3.1,0.89,3.03,3.39,5.51,2.68,341.76,0
29,rust,laptop,off,rx,60,1174927,19582.1,3.14,1.18,3.01,3.48,6.23,2.64,169.49,0
30,rust,laptop,off,rx,60,1168852,19480.8,3.11,0.95,3.02,3.41,5.71,2.67,183.15,0
1,pypy_3.11,rpi5,off,tx,60.000,2040047,34000.7,29.09,28.55,27.85,29.52,48.91,24.11,16874.56,0.00
2,pypy_3.11,rpi5,off,tx,60.000,1858747,30979.1,31.95,37.88,30.30,36.11,55.39,24.46,15946.85,0.00
3,pypy_3.11,rpi5,off,tx,60.000,2310076,38501.2,25.68,31.47,24.31,27.43,45.05,22.28,14392.52,0.00
4,pypy_3.11,rpi5,off,tx,60.000,1952545,32542.4,30.46,32.22,29.35,31.00,49.81,24.43,13984.78,0.00
5,pypy_3.11,rpi5,off,tx,60.000,2075974,34599.5,28.61,29.52,27.50,29.02,47.72,22.87,16015.56,0.00
6,pypy_3.11,rpi5,off,tx,60.000,2269429,37823.8,26.14,27.17,24.63,28.26,45.04,21.87,14595.72,0.00
7,pypy_3.11,rpi5,off,tx,60.000,1569670,26161.1,37.90,31.22,36.87,39.81,58.98,27.15,14074.41,0.00
8,pypy_3.11,rpi5,off,tx,60.000,2091782,34863.0,28.38,27.82,27.28,28.78,47.52,23.61,14516.50,0.00
9,pypy_3.11,rpi5,off,tx,60.000,2007162,33452.7,29.56,30.24,27.72,38.07,49.74,23.89,14392.83,0.00
10,pypy_3.11,rpi5,off,tx,60.000,1968112,32801.8,30.21,37.69,29.06,30.76,49.78,23.94,15624.57,0.00
11,pypy_3.11,rpi5,off,tx,60.000,1740802,29013.3,34.13,31.87,32.81,37.91,55.28,27.04,14619.26,0.00
12,pypy_3.11,rpi5,off,tx,60.000,1623959,27066.0,36.60,39.04,35.67,39.63,60.07,24.52,15425.59,0.00
13,pypy_3.11,rpi5,off,tx,60.000,1960024,32667.0,30.30,32.31,29.20,30.94,52.78,24.50,16128.59,0.00
14,pypy_3.11,rpi5,off,tx,60.000,1715459,28591.0,34.61,35.06,31.83,41.65,55.89,24.91,13858.87,0.00
15,pypy_3.11,rpi5,off,tx,60.000,1703645,28394.0,34.95,35.29,33.85,36.95,56.17,26.07,13960.59,0.00
16,pypy_3.11,rpi5,off,tx,60.000,2040389,34006.5,29.08,32.65,27.78,29.98,49.54,23.89,15510.15,0.00
17,pypy_3.11,rpi5,off,tx,60.000,1595005,26583.4,37.26,38.93,36.61,40.13,57.57,25.13,16238.06,0.00
18,pypy_3.11,rpi5,off,tx,60.000,1663682,27728.0,35.68,34.92,34.70,38.74,57.83,24.24,13874.81,0.00
19,pypy_3.11,rpi5,off,tx,60.000,1604687,26744.8,37.07,35.40,36.04,39.39,58.83,26.89,14322.18,0.00
20,pypy_3.11,rpi5,off,tx,60.000,2097640,34960.6,28.31,31.79,27.24,28.78,47.17,23.50,13898.15,0.00
21,pypy_3.11,rpi5,off,tx,60.000,1891175,31519.6,31.42,32.66,30.17,32.72,52.65,24.67,15334.56,0.00
22,pypy_3.11,rpi5,off,tx,60.000,2334793,38913.2,25.40,31.57,24.17,26.50,44.30,22.02,15898.48,0.00
23,pypy_3.11,rpi5,off,tx,60.000,1979452,32990.8,29.98,32.16,28.91,30.50,49.46,23.82,15346.54,0.00
24,pypy_3.11,rpi5,off,tx,60.000,1981394,33023.2,30.00,37.35,28.89,30.59,48.69,23.70,16320.72,0.00
25,pypy_3.11,rpi5,off,tx,60.000,2035141,33919.0,29.18,33.06,27.80,30.00,50.26,23.91,17352.89,0.00
26,pypy_3.11,rpi5,off,tx,60.000,1903967,31732.8,31.20,29.99,30.04,32.96,50.96,24.76,16483.70,0.00
27,pypy_3.11,rpi5,off,tx,60.000,1690851,28180.8,35.21,37.72,34.13,36.59,57.20,27.13,15710.30,0.00
28,pypy_3.11,rpi5,off,tx,60.000,1959536,32658.9,30.30,32.49,29.15,30.85,50.39,24.32,15464.42,0.00
29,pypy_3.11,rpi5,off,tx,60.000,1831321,30522.0,32.45,31.55,31.28,33.20,52.70,26.00,14902.96,0.00
30,pypy_3.11,rpi5,off,tx,60.000,1969501,32825.0,30.13,28.65,29.11,30.70,49.55,24.06,14629.46,0.00
1,pypy_3.11,rpi5,off,codec-encode,60.000,3221232,53687.2,18.36,17.66,17.89,18.80,33.31,16.37,13990.37,0.00
2,pypy_3.11,rpi5,off,codec-encode,60.000,3198266,53304.4,18.50,19.86,18.13,19.02,32.30,16.61,13839.32,0.00
3,pypy_3.11,rpi5,off,codec-encode,60.000,3229429,53823.8,18.32,23.13,17.78,18.83,33.06,16.04,15239.96,0.00
4,pypy_3.11,rpi5,off,codec-encode,60.000,3197994,53299.9,18.48,16.02,18.07,19.13,32.50,16.37,14713.63,0.00
5,pypy_3.11,rpi5,off,codec-encode,60.000,3163605,52726.7,18.67,21.16,18.15,19.09,33.15,16.56,13825.81,0.00
6,pypy_3.11,rpi5,off,codec-encode,60.000,3202109,53368.4,18.48,23.68,18.00,18.98,33.48,16.24,15205.56,0.00
7,pypy_3.11,rpi5,off,codec-encode,60.000,3212275,53537.9,18.41,20.12,17.96,19.15,32.54,16.20,14059.21,0.00
8,pypy_3.11,rpi5,off,codec-encode,60.000,3217259,53620.9,18.37,11.62,17.98,19.07,32.33,16.33,11205.59,0.00
9,pypy_3.11,rpi5,off,codec-encode,60.000,3284886,54748.1,18.03,22.98,17.59,18.44,33.30,16.02,14094.31,0.00
10,pypy_3.11,rpi5,off,codec-encode,60.000,3171195,52853.2,18.62,17.51,18.11,19.13,32.13,16.39,13849.83,0.00
11,pypy_3.11,rpi5,off,codec-encode,60.000,3224660,53744.3,18.34,15.31,17.89,18.74,34.04,16.39,13851.17,0.00
12,pypy_3.11,rpi5,off,codec-encode,60.000,3272995,54549.9,18.08,20.92,17.63,18.46,32.85,16.09,13922.92,0.00
13,pypy_3.11,rpi5,off,codec-encode,60.000,3169577,52826.3,18.65,12.73,18.11,19.00,32.89,16.63,11350.52,0.00
14,pypy_3.11,rpi5,off,codec-encode,60.000,3242824,54047.0,18.21,11.91,17.76,18.61,32.98,16.22,11423.76,0.00
15,pypy_3.11,rpi5,off,codec-encode,60.000,3207239,53453.9,18.44,20.50,17.93,18.78,32.19,16.22,13893.71,0.00
16,pypy_3.11,rpi5,off,codec-encode,60.000,3248025,54133.7,18.21,23.78,17.78,18.80,32.19,16.15,13929.43,0.00
17,pypy_3.11,rpi5,off,codec-encode,60.000,3214177,53569.6,18.41,20.67,18.00,18.93,32.80,16.32,13952.27,0.00
18,pypy_3.11,rpi5,off,codec-encode,60.000,3178150,52969.1,18.57,20.37,18.13,18.96,32.80,16.61,13876.34,0.00
19,pypy_3.11,rpi5,off,codec-encode,60.000,3225677,53761.2,18.32,26.13,17.67,18.50,33.56,16.15,13920.51,0.00
20,pypy_3.11,rpi5,off,codec-encode,60.000,3250421,54173.6,18.19,20.13,17.76,18.65,32.22,16.28,13928.65,0.00
21,pypy_3.11,rpi5,off,codec-encode,60.000,3246513,54108.5,18.23,20.38,17.80,18.70,33.59,16.24,13900.48,0.00
22,pypy_3.11,rpi5,off,codec-encode,60.000,3209427,53490.4,18.43,21.17,17.93,18.95,34.15,16.32,13964.15,0.00
23,pypy_3.11,rpi5,off,codec-encode,60.000,3213556,53559.2,18.39,17.55,17.93,18.80,33.70,16.39,15675.21,0.00
24,pypy_3.11,rpi5,off,codec-encode,60.000,3231501,53858.3,18.31,22.69,17.93,18.82,32.70,16.37,13900.33,0.00
25,pypy_3.11,rpi5,off,codec-encode,60.000,3185347,53089.1,18.59,23.46,18.11,19.17,32.20,16.37,13881.03,0.00
26,pypy_3.11,rpi5,off,codec-encode,60.000,3184555,53075.9,18.59,22.84,18.15,19.04,33.28,16.59,14105.23,0.00
27,pypy_3.11,rpi5,off,codec-encode,60.000,3229809,53830.1,18.32,20.85,17.85,18.78,32.83,16.30,13948.47,0.00
28,pypy_3.11,rpi5,off,codec-encode,60.000,3202184,53369.7,18.42,11.96,18.00,18.89,34.74,16.44,11449.22,0.00
29,pypy_3.11,rpi5,off,codec-encode,60.000,3192727,53212.1,18.49,12.29,18.04,18.87,33.22,16.50,11361.04,0.00
30,pypy_3.11,rpi5,off,codec-encode,60.000,3217543,53625.6,18.37,12.43,17.91,18.80,33.02,16.39,11230.15,0.00
1,cpython_3.13,rpi5,off,tx,60.000,763726,12728.8,78.02,2.78,77.96,79.41,85.24,74.83,357.69,0.00
2,cpython_3.13,rpi5,off,tx,60.000,761239,12687.3,78.27,2.39,78.28,79.44,83.61,75.44,332.33,0.00
3,cpython_3.13,rpi5,off,tx,60.000,767131,12785.5,77.68,2.36,77.74,78.89,83.24,74.74,323.65,0.00
4,cpython_3.13,rpi5,off,tx,60.000,754793,12579.9,78.95,2.66,78.85,80.26,86.52,75.61,341.17,0.00
5,cpython_3.13,rpi5,off,tx,60.000,760923,12682.0,78.32,2.69,78.31,79.52,84.13,75.39,388.26,0.00
6,cpython_3.13,rpi5,off,tx,60.000,749923,12498.7,79.47,2.70,79.43,80.72,85.44,76.67,324.91,0.00
7,cpython_3.13,rpi5,off,tx,60.000,759882,12664.7,78.43,2.72,78.44,79.65,83.70,75.46,350.61,0.00
8,cpython_3.13,rpi5,off,tx,60.000,755622,12593.7,78.86,2.98,78.70,80.54,89.59,74.91,346.94,0.00
9,cpython_3.13,rpi5,off,tx,60.000,754837,12580.6,78.95,2.82,78.87,80.28,87.85,75.56,413.81,0.00
10,cpython_3.13,rpi5,off,tx,60.000,752476,12541.3,79.19,2.65,79.19,80.33,84.93,76.26,354.85,0.00
11,cpython_3.13,rpi5,off,tx,60.000,752365,12539.4,79.21,2.53,79.11,80.57,86.07,76.15,335.50,0.00
12,cpython_3.13,rpi5,off,tx,60.000,753872,12564.5,79.05,2.90,79.00,80.33,87.80,75.83,356.80,0.00
13,cpython_3.13,rpi5,off,tx,60.000,757604,12626.7,78.66,2.82,78.61,80.06,86.61,75.20,380.35,0.00
14,cpython_3.13,rpi5,off,tx,60.000,756438,12607.3,78.79,2.79,78.67,79.98,87.19,76.07,367.30,0.00
15,cpython_3.13,rpi5,off,tx,60.000,752486,12541.4,79.17,2.85,79.11,80.63,88.20,75.93,343.15,0.00
16,cpython_3.13,rpi5,off,tx,60.000,749976,12499.6,79.46,2.89,79.50,80.76,87.52,76.26,352.56,0.00
17,cpython_3.13,rpi5,off,tx,60.000,752504,12541.7,79.18,2.97,79.06,80.57,88.22,76.02,348.37,0.00
18,cpython_3.13,rpi5,off,tx,60.000,745345,12422.4,79.95,2.81,79.87,81.19,88.33,76.28,357.74,0.00
19,cpython_3.13,rpi5,off,tx,60.000,750634,12510.6,79.39,2.79,79.35,80.59,87.74,76.35,349.46,0.00
20,cpython_3.13,rpi5,off,tx,60.000,749836,12497.3,79.48,2.81,79.39,80.83,88.11,76.44,325.72,0.00
21,cpython_3.13,rpi5,off,tx,60.000,749811,12496.8,79.47,3.20,79.26,83.96,87.54,75.33,645.13,0.00
22,cpython_3.13,rpi5,off,tx,60.000,756760,12612.7,78.74,2.83,78.69,80.04,86.13,75.43,375.85,0.00
23,cpython_3.13,rpi5,off,tx,60.000,751878,12531.3,79.26,2.88,79.13,80.59,89.20,76.44,365.67,0.00
24,cpython_3.13,rpi5,off,tx,60.000,747576,12459.6,79.71,2.97,79.65,81.04,89.76,76.39,364.11,0.00
25,cpython_3.13,rpi5,off,tx,60.000,751641,12527.3,79.27,2.66,79.28,80.44,84.69,75.96,363.22,0.00
26,cpython_3.13,rpi5,off,tx,60.000,751329,12522.1,79.32,2.72,79.28,80.50,86.02,76.22,333.32,0.00
27,cpython_3.13,rpi5,off,tx,60.000,750174,12502.9,79.44,2.92,79.28,81.04,89.74,76.22,340.67,0.00
28,cpython_3.13,rpi5,off,tx,60.000,756197,12603.3,78.80,2.82,78.65,80.26,87.50,75.63,356.00,0.00
29,cpython_3.13,rpi5,off,tx,60.000,752866,12547.7,79.15,2.37,79.22,80.31,84.54,76.06,345.54,0.00
30,cpython_3.13,rpi5,off,tx,60.000,755310,12588.5,78.89,2.78,78.81,80.15,87.02,75.81,349.69,0.00
1,cpython_3.13,rpi5,off,codec-encode,60.000,1305995,21766.6,45.57,0.99,45.80,46.43,48.48,43.19,150.54,0.00
2,cpython_3.13,rpi5,off,codec-encode,60.000,1318780,21979.7,45.11,1.06,45.24,46.07,48.35,42.95,123.48,0.00
3,cpython_3.13,rpi5,off,codec-encode,60.000,1311595,21859.9,45.36,1.01,45.63,46.30,48.24,43.19,157.65,0.00
4,cpython_3.13,rpi5,off,codec-encode,60.000,1309013,21816.9,45.45,1.06,45.69,46.52,48.11,43.26,110.31,0.00
5,cpython_3.13,rpi5,off,codec-encode,60.000,1305320,21755.3,45.58,0.96,45.78,46.48,48.37,43.63,151.61,0.00
6,cpython_3.13,rpi5,off,codec-encode,60.000,1312481,21874.7,45.33,0.96,45.50,46.26,48.02,43.26,144.57,0.00
7,cpython_3.13,rpi5,off,codec-encode,60.000,1308088,21801.5,45.48,1.07,45.70,46.50,48.30,43.26,331.15,0.00
8,cpython_3.13,rpi5,off,codec-encode,60.000,1303538,21725.6,45.64,0.93,45.89,46.52,48.02,43.61,155.91,0.00
9,cpython_3.13,rpi5,off,codec-encode,60.000,1293843,21564.0,45.99,0.91,46.20,46.81,48.69,44.00,122.06,0.00
10,cpython_3.13,rpi5,off,codec-encode,60.000,1313282,21888.0,45.30,0.97,45.48,46.24,47.96,43.19,152.83,0.00
11,cpython_3.13,rpi5,off,codec-encode,60.000,1308816,21813.6,45.46,0.93,45.69,46.37,47.74,43.44,110.91,0.00
12,cpython_3.13,rpi5,off,codec-encode,60.000,1322855,22047.6,44.98,1.03,45.19,45.93,47.76,42.65,129.98,0.00
13,cpython_3.13,rpi5,off,codec-encode,60.000,1295676,21594.6,45.92,1.02,46.06,47.02,48.69,43.69,129.91,0.00
14,cpython_3.13,rpi5,off,codec-encode,60.000,1322379,22039.6,44.99,1.00,45.19,45.96,47.69,42.85,119.37,0.00
15,cpython_3.13,rpi5,off,codec-encode,60.000,1299223,21653.7,45.80,1.11,46.09,46.91,48.72,43.44,161.22,0.00
16,cpython_3.13,rpi5,off,codec-encode,60.000,1311143,21852.4,45.38,1.00,45.70,46.24,47.89,43.24,124.56,0.00
17,cpython_3.13,rpi5,off,codec-encode,60.000,1299753,21662.5,45.78,0.91,46.04,46.57,48.50,43.89,120.94,0.00
18,cpython_3.13,rpi5,off,codec-encode,60.000,1315014,21916.9,45.24,1.02,45.46,46.17,48.09,42.96,143.43,0.00
19,cpython_3.13,rpi5,off,codec-encode,60.000,1300153,21669.2,45.76,0.98,46.06,46.63,48.11,43.41,117.76,0.00
20,cpython_3.13,rpi5,off,codec-encode,60.000,1296836,21613.9,45.88,0.97,46.17,46.74,48.67,43.57,113.15,0.00
21,cpython_3.13,rpi5,off,codec-encode,60.000,1322650,22044.2,44.98,0.95,45.22,45.93,47.50,42.87,118.74,0.00
22,cpython_3.13,rpi5,off,codec-encode,60.000,1299423,21657.0,45.79,1.01,45.91,46.80,48.50,43.41,126.67,0.00
23,cpython_3.13,rpi5,off,codec-encode,60.000,1314269,21904.5,45.27,0.95,45.50,46.19,47.96,43.37,117.54,0.00
24,cpython_3.13,rpi5,off,codec-encode,60.000,1321720,22028.7,45.00,0.99,45.22,45.96,47.63,42.81,126.48,0.00
25,cpython_3.13,rpi5,off,codec-encode,60.000,1313264,21887.7,45.31,1.00,45.57,46.22,48.07,43.00,117.35,0.00
26,cpython_3.13,rpi5,off,codec-encode,60.000,1296487,21608.1,45.90,1.05,46.19,46.94,48.69,43.63,160.83,0.00
27,cpython_3.13,rpi5,off,codec-encode,60.000,1318283,21971.4,45.13,0.98,45.33,46.07,47.80,43.02,114.74,0.00
28,cpython_3.13,rpi5,off,codec-encode,60.000,1319287,21988.1,45.10,0.92,45.30,45.96,47.33,43.00,114.07,0.00
29,cpython_3.13,rpi5,off,codec-encode,60.000,1325488,22091.5,44.88,0.96,45.09,45.83,47.50,42.83,115.39,0.00
30,cpython_3.13,rpi5,off,codec-encode,60.000,1303152,21719.2,45.65,0.98,45.96,46.56,48.56,43.76,126.87,0.00
1,pypy_3.11,laptop,off,tx,60.000,4557823,75963.7,12.98,13.88,11.95,15.36,20.29,11.44,9145.59,0.00
2,pypy_3.11,laptop,off,tx,60.000,4586579,76442.9,12.89,13.18,12.04,13.93,19.56,11.56,8412.83,0.00
3,pypy_3.11,laptop,off,tx,60.000,4613521,76892.0,12.81,13.13,11.91,14.02,20.15,11.41,8150.82,0.00
4,pypy_3.11,laptop,off,tx,60.000,4651459,77524.3,12.71,14.82,11.82,14.63,19.30,11.38,11995.21,0.00
5,pypy_3.11,laptop,off,tx,60.000,4588750,76479.1,12.88,13.01,11.99,14.35,20.82,11.50,8420.76,0.00
6,pypy_3.11,laptop,off,tx,60.000,4563697,76061.6,12.98,20.26,12.06,14.63,19.99,11.54,12277.56,0.00
7,pypy_3.11,laptop,off,tx,60.000,4566974,76116.2,12.96,12.89,12.09,14.75,19.14,11.61,8301.18,0.00
8,pypy_3.11,laptop,off,tx,60.000,4631837,77197.3,12.78,18.99,11.84,14.99,19.28,11.33,12938.36,0.00
9,pypy_3.11,laptop,off,tx,60.000,4632927,77215.4,12.77,12.69,11.93,13.87,19.25,11.43,8029.64,0.00
10,pypy_3.11,laptop,off,tx,60.000,4635009,77250.1,12.75,13.38,11.92,13.60,19.23,11.47,8894.79,0.00
11,pypy_3.11,laptop,off,tx,60.000,4567015,76116.9,12.96,12.88,11.99,15.33,19.30,11.48,8298.85,0.00
12,pypy_3.11,laptop,off,tx,60.000,4628816,77146.7,12.78,12.99,11.95,14.20,19.52,11.45,8962.08,0.00
13,pypy_3.11,laptop,off,tx,60.000,4612410,76873.5,12.80,12.64,11.86,15.10,19.91,11.32,8349.85,0.00
14,pypy_3.11,laptop,off,tx,60.000,4638305,77305.0,12.76,12.71,11.92,14.07,18.91,11.44,8324.68,0.00
15,pypy_3.11,laptop,off,tx,60.000,4563937,76065.6,12.96,12.76,12.13,13.75,19.64,11.65,8160.24,0.00
16,pypy_3.11,laptop,off,tx,60.000,4601587,76693.1,12.86,14.19,12.02,13.84,19.54,11.55,11969.55,0.00
17,pypy_3.11,laptop,off,tx,60.000,4607310,76788.4,12.85,17.40,11.87,14.11,20.26,11.38,11075.32,0.00
18,pypy_3.11,laptop,off,tx,60.000,4626710,77111.8,12.79,13.31,11.84,15.09,19.10,11.31,9008.25,0.00
19,pypy_3.11,laptop,off,tx,60.000,4546939,75782.3,13.00,12.92,12.05,15.25,20.57,11.57,8109.22,0.00
20,pypy_3.11,laptop,off,tx,60.000,4585211,76420.2,12.90,16.89,11.99,14.72,20.64,11.47,12097.07,0.00
21,pypy_3.11,laptop,off,tx,60.000,4504303,75071.4,13.13,15.89,12.10,15.53,20.07,11.60,11563.91,0.00
22,pypy_3.11,laptop,off,tx,60.000,4490715,74845.2,13.18,15.09,12.16,15.50,21.39,11.64,13249.66,0.00
23,pypy_3.11,laptop,off,tx,60.000,4654462,77574.3,12.71,13.49,11.84,13.64,19.68,11.34,9100.49,0.00
24,pypy_3.11,laptop,off,tx,60.000,4576903,76281.7,12.93,17.07,11.99,14.79,19.92,11.47,12110.71,0.00
25,pypy_3.11,laptop,off,tx,60.000,4588410,76473.5,12.88,15.70,11.96,14.57,19.69,11.46,11936.34,0.00
26,pypy_3.11,laptop,off,tx,60.000,4659517,77658.6,12.67,12.50,11.87,13.39,19.63,11.36,8121.04,0.00
27,pypy_3.11,laptop,off,tx,60.000,4583479,76391.3,12.90,13.25,12.04,14.67,19.63,11.54,8856.60,0.00
28,pypy_3.11,laptop,off,tx,60.000,4643781,77396.3,12.74,12.74,11.91,13.63,19.60,11.46,8378.24,0.00
29,pypy_3.11,laptop,off,tx,60.000,4622322,77038.7,12.78,13.41,11.91,14.43,19.40,11.40,8907.48,0.00
30,pypy_3.11,laptop,off,tx,60.000,4545934,75765.5,13.02,12.76,12.11,15.10,19.94,11.63,8343.75,0.00
1,pypy_3.11,laptop,off,codec-encode,60.000,6144314,102405.2,9.60,7.75,9.35,9.94,14.89,8.95,12406.24,0.00
2,pypy_3.11,laptop,off,codec-encode,60.000,5958025,99300.4,9.91,7.89,9.64,10.31,15.29,9.17,12157.24,0.00
3,pypy_3.11,laptop,off,codec-encode,60.000,5952448,99207.4,9.92,7.66,9.68,10.30,15.34,9.32,12881.85,0.00
4,pypy_3.11,laptop,off,codec-encode,60.000,6004856,100080.9,9.84,8.54,9.60,10.16,15.16,9.18,12553.32,0.00
5,pypy_3.11,laptop,off,codec-encode,60.000,6083805,101396.7,9.70,8.28,9.48,10.07,14.99,9.06,12744.61,0.00
6,pypy_3.11,laptop,off,codec-encode,60.000,5967968,99466.1,9.89,7.80,9.64,10.31,15.28,9.21,12497.07,0.00
7,pypy_3.11,laptop,off,codec-encode,60.000,6037693,100628.2,9.79,8.45,9.53,10.16,15.19,9.20,12709.39,0.00
8,pypy_3.11,laptop,off,codec-encode,60.000,6003508,100058.4,9.84,12.66,9.60,10.22,15.21,9.22,13129.76,0.00
9,pypy_3.11,laptop,off,codec-encode,60.000,6024358,100405.9,9.80,8.15,9.55,10.21,15.17,9.18,12895.85,0.00
10,pypy_3.11,laptop,off,codec-encode,60.000,6017572,100292.8,9.82,8.53,9.59,10.18,15.12,9.22,13550.56,0.00
11,pypy_3.11,laptop,off,codec-encode,60.000,6101458,101690.9,9.67,5.55,9.44,10.02,14.97,9.08,9456.58,0.00
12,pypy_3.11,laptop,off,codec-encode,60.000,6153085,102551.4,9.59,5.43,9.34,10.04,15.15,8.95,9348.13,0.00
13,pypy_3.11,laptop,off,codec-encode,60.000,5974390,99573.1,9.88,5.70,9.64,10.21,15.19,9.27,9491.45,0.00
14,pypy_3.11,laptop,off,codec-encode,60.000,6072066,101201.1,9.72,5.06,9.48,10.13,15.11,9.04,8051.66,0.00
15,pypy_3.11,laptop,off,codec-encode,60.000,5999976,99999.6,9.84,6.57,9.60,10.22,15.22,9.29,12757.86,0.00
16,pypy_3.11,laptop,off,codec-encode,60.000,6068361,101139.3,9.73,13.62,9.48,10.09,15.08,9.10,12804.60,0.00
17,pypy_3.11,laptop,off,codec-encode,60.000,6019718,100328.6,9.82,9.99,9.57,10.22,15.26,9.16,12843.41,0.00
18,pypy_3.11,laptop,off,codec-encode,60.000,5938980,98983.0,9.94,8.13,9.65,10.29,15.31,9.17,12942.17,0.00
19,pypy_3.11,laptop,off,codec-encode,60.000,6058031,100967.2,9.75,8.35,9.52,10.08,15.04,9.09,12871.89,0.00
20,pypy_3.11,laptop,off,codec-encode,60.000,6097645,101627.4,9.69,13.82,9.42,10.06,15.14,9.03,13296.56,0.00
21,pypy_3.11,laptop,off,codec-encode,60.000,5998460,99974.3,9.84,7.82,9.58,10.21,15.19,9.22,12864.76,0.00
22,pypy_3.11,laptop,off,codec-encode,60.000,6045338,100755.6,9.76,7.66,9.51,10.13,15.16,9.16,12839.85,0.00
23,pypy_3.11,laptop,off,codec-encode,60.000,5950927,99182.1,9.92,7.74,9.69,10.31,15.29,9.30,12930.86,0.00
24,pypy_3.11,laptop,off,codec-encode,60.000,5955871,99264.5,9.91,7.90,9.65,10.24,15.26,9.29,12568.58,0.00
25,pypy_3.11,laptop,off,codec-encode,60.000,6027518,100458.6,9.79,7.57,9.57,10.21,15.13,9.18,12341.23,0.00
26,pypy_3.11,laptop,off,codec-encode,60.000,6155832,102597.2,9.59,8.39,9.31,10.08,15.13,8.93,12986.91,0.00
27,pypy_3.11,laptop,off,codec-encode,60.000,6033510,100558.5,9.79,10.24,9.50,10.25,15.06,9.10,12783.79,0.00
28,pypy_3.11,laptop,off,codec-encode,60.000,5969650,99494.1,9.89,5.57,9.62,10.34,15.26,9.27,9263.97,0.00
29,pypy_3.11,laptop,off,codec-encode,60.000,6005966,100099.4,9.82,5.56,9.55,10.36,15.21,9.17,9302.28,0.00
30,pypy_3.11,laptop,off,codec-encode,60.000,6050932,100848.8,9.76,8.37,9.48,10.27,15.26,9.02,12887.03,0.00
1,cpython_3.13,laptop,off,tx,60.000,804867,13414.4,73.80,2.87,73.95,75.95,79.25,67.89,481.22,0.00
2,cpython_3.13,laptop,off,tx,60.000,818983,13649.7,72.64,3.93,72.32,75.58,78.85,67.23,705.99,0.00
3,cpython_3.13,laptop,off,tx,60.000,813242,13554.0,73.16,3.92,72.97,76.31,79.13,67.85,800.48,0.00
4,cpython_3.13,laptop,off,tx,60.000,826113,13768.5,72.04,3.51,71.96,74.86,77.89,67.67,522.21,0.00
5,cpython_3.13,laptop,off,tx,60.000,819899,13665.0,72.60,4.23,72.49,75.40,78.81,67.55,1742.64,0.00
6,cpython_3.13,laptop,off,tx,60.000,823229,13720.5,72.30,7.99,72.02,74.83,77.20,67.81,655.61,0.00
7,cpython_3.13,laptop,off,tx,60.000,819497,13658.3,72.59,3.22,72.30,75.28,78.63,67.77,545.92,0.00
8,cpython_3.13,laptop,off,tx,60.000,821800,13696.7,72.41,4.13,72.22,75.20,78.93,67.66,579.87,0.00
9,cpython_3.13,laptop,off,tx,60.000,819010,13650.2,72.66,7.53,72.36,75.49,78.05,67.43,623.02,0.00
10,cpython_3.13,laptop,off,tx,60.000,818186,13636.4,72.77,7.96,72.41,75.39,78.19,68.02,836.07,0.00
11,cpython_3.13,laptop,off,tx,60.000,814209,13570.1,73.03,5.13,72.56,75.64,79.31,67.39,753.70,0.00
12,cpython_3.13,laptop,off,tx,60.000,800372,13339.5,74.19,9.00,74.01,76.05,79.56,67.45,641.22,0.00
13,cpython_3.13,laptop,off,tx,60.000,819251,13654.2,72.61,3.25,72.35,75.70,77.78,67.19,505.88,0.00
14,cpython_3.13,laptop,off,tx,60.000,828088,13801.5,71.85,4.50,71.61,74.75,78.13,66.71,1045.45,0.00
15,cpython_3.13,laptop,off,tx,60.000,833153,13885.9,71.44,3.91,71.39,73.88,77.05,66.92,966.40,0.00
16,cpython_3.13,laptop,off,tx,60.000,821443,13690.7,72.46,3.69,72.34,75.37,78.15,67.70,614.43,0.00
17,cpython_3.13,laptop,off,tx,60.000,820884,13681.4,72.46,3.18,72.21,75.41,77.69,67.65,945.58,0.00
18,cpython_3.13,laptop,off,tx,60.000,825144,13752.4,72.15,3.32,72.13,74.21,76.83,67.66,804.84,0.00
19,cpython_3.13,laptop,off,tx,60.000,802668,13377.8,74.01,3.82,73.94,76.33,80.07,67.89,748.14,0.00
20,cpython_3.13,laptop,off,tx,60.000,822267,13704.4,72.33,6.26,71.99,75.11,78.21,67.46,667.85,0.00
21,cpython_3.13,laptop,off,tx,60.000,833825,13897.1,71.40,3.80,71.38,74.06,76.47,66.80,876.94,0.00
22,cpython_3.13,laptop,off,tx,60.000,809124,13485.4,73.53,6.70,73.15,76.30,79.27,68.48,847.15,0.00
23,cpython_3.13,laptop,off,tx,60.000,812946,13549.1,73.19,5.23,72.73,75.84,79.64,68.30,931.19,0.00
24,cpython_3.13,laptop,off,tx,60.000,832059,13867.6,71.52,4.44,71.34,74.36,77.31,66.61,2911.76,0.00
25,cpython_3.13,laptop,off,tx,60.000,815727,13595.4,72.88,3.39,72.58,75.67,79.67,67.63,780.86,0.00
26,cpython_3.13,laptop,off,tx,60.000,821654,13694.2,72.42,3.51,72.21,75.40,77.95,67.38,827.89,0.00
27,cpython_3.13,laptop,off,tx,60.000,807920,13465.3,73.69,3.04,73.59,75.96,78.27,69.65,739.60,0.00
28,cpython_3.13,laptop,off,tx,60.000,804090,13401.5,73.95,6.52,73.42,76.27,80.60,68.64,627.49,0.00
29,cpython_3.13,laptop,off,tx,60.000,823431,13723.8,72.26,3.50,72.04,75.29,78.57,67.48,507.53,0.00
30,cpython_3.13,laptop,off,tx,60.000,821404,13690.1,72.47,5.45,72.22,75.20,78.26,68.19,1188.88,0.00
1,cpython_3.13,laptop,off,codec-encode,60.000,1572859,26214.3,37.81,2.16,37.89,39.02,41.40,34.55,293.56,0.00
2,cpython_3.13,laptop,off,codec-encode,60.000,1586277,26437.9,37.49,1.47,37.63,38.69,39.70,34.12,112.34,0.00
3,cpython_3.13,laptop,off,codec-encode,60.000,1569512,26158.5,37.86,4.14,37.96,39.03,40.20,34.29,556.38,0.00
4,cpython_3.13,laptop,off,codec-encode,60.000,1575625,26260.4,37.70,1.15,37.86,38.88,39.89,34.59,128.05,0.00
5,cpython_3.13,laptop,off,codec-encode,60.000,1599640,26660.7,37.15,4.84,37.28,38.31,39.47,33.60,575.83,0.00
6,cpython_3.13,laptop,off,codec-encode,60.000,1598410,26640.2,37.19,1.36,37.43,38.50,39.43,33.70,136.00,0.00
7,cpython_3.13,laptop,off,codec-encode,60.000,1583963,26399.4,37.55,4.41,37.58,38.68,39.66,34.19,478.41,0.00
8,cpython_3.13,laptop,off,codec-encode,60.000,1591708,26528.5,37.34,1.37,37.58,38.63,39.70,33.89,110.57,0.00
9,cpython_3.13,laptop,off,codec-encode,60.000,1585327,26422.1,37.51,3.98,37.57,38.61,39.91,34.39,520.09,0.00
10,cpython_3.13,laptop,off,codec-encode,60.000,1583119,26385.3,37.53,1.26,37.80,38.81,39.95,34.33,244.95,0.00
11,cpython_3.13,laptop,off,codec-encode,60.000,1582046,26367.4,37.58,1.02,37.74,38.75,39.85,34.48,105.61,0.00
12,cpython_3.13,laptop,off,codec-encode,60.000,1598624,26643.7,37.21,1.05,37.30,38.41,39.62,33.81,90.02,0.00
13,cpython_3.13,laptop,off,codec-encode,60.000,1568060,26134.3,37.92,1.76,38.14,39.17,40.37,34.59,221.43,0.00
14,cpython_3.13,laptop,off,codec-encode,60.000,1577173,26286.2,37.69,1.26,37.96,39.14,40.24,34.26,97.67,0.00
15,cpython_3.13,laptop,off,codec-encode,60.000,1563949,26065.8,38.02,1.10,38.13,39.37,40.29,34.51,101.57,0.00
16,cpython_3.13,laptop,off,codec-encode,60.000,1588141,26469.0,37.43,1.23,37.70,38.80,39.86,34.04,102.07,0.00
17,cpython_3.13,laptop,off,codec-encode,60.000,1581816,26363.6,37.59,1.60,37.78,38.81,39.92,34.33,198.39,0.00
18,cpython_3.13,laptop,off,codec-encode,60.000,1601474,26691.2,37.12,1.29,37.40,38.43,39.67,33.52,93.55,0.00
19,cpython_3.13,laptop,off,codec-encode,60.000,1594022,26567.0,37.29,1.13,37.42,38.50,39.52,34.22,120.75,0.00
20,cpython_3.13,laptop,off,codec-encode,60.000,1613319,26888.6,36.85,1.42,37.20,38.24,39.18,33.27,98.15,0.00
21,cpython_3.13,laptop,off,codec-encode,60.000,1559812,25996.9,38.13,1.05,38.26,39.45,40.55,34.56,89.75,0.00
22,cpython_3.13,laptop,off,codec-encode,60.000,1631182,27186.4,36.45,1.38,36.69,37.80,38.76,32.83,110.61,0.00
23,cpython_3.13,laptop,off,codec-encode,60.000,1596973,26616.2,37.23,1.33,37.58,38.68,39.68,33.57,108.62,0.00
24,cpython_3.13,laptop,off,codec-encode,60.000,1592592,26543.2,37.31,1.15,37.49,38.66,39.55,33.82,91.56,0.00
25,cpython_3.13,laptop,off,codec-encode,60.000,1556760,25946.0,38.19,4.37,38.22,39.27,40.69,35.16,570.90,0.00
26,cpython_3.13,laptop,off,codec-encode,60.000,1587068,26451.1,37.46,1.25,37.69,38.87,39.99,33.79,90.10,0.00
27,cpython_3.13,laptop,off,codec-encode,60.000,1593820,26563.7,37.29,1.31,37.55,38.52,39.75,33.90,92.99,0.00
28,cpython_3.13,laptop,off,codec-encode,60.000,1590055,26500.9,37.38,3.87,37.45,38.54,40.05,34.27,3003.20,0.00
29,cpython_3.13,laptop,off,codec-encode,60.000,1601499,26691.6,37.12,1.27,37.38,38.38,39.57,33.73,292.61,0.00
30,cpython_3.13,laptop,off,codec-encode,60.000,1585715,26428.6,37.48,4.15,37.51,38.58,39.63,34.39,539.12,0.00
1,cpython_3.13,laptop,on,tx,60.000,68486,1141.4,875.34,35.00,874.50,923.45,947.47,741.61,1792.69,0.00
2,cpython_3.13,laptop,on,tx,60.000,69937,1165.6,857.24,48.80,855.03,903.35,930.35,735.99,2237.30,0.00
3,cpython_3.13,laptop,on,tx,60.000,69032,1150.5,868.47,30.87,868.37,914.84,935.82,732.40,1928.76,0.00
4,cpython_3.13,laptop,on,tx,60.001,71455,1190.9,839.04,28.63,838.94,883.97,904.22,722.05,1520.00,0.00
5,cpython_3.13,laptop,on,tx,60.000,70686,1178.1,848.08,31.77,847.43,898.97,922.58,728.14,1669.79,0.00
6,cpython_3.13,laptop,on,tx,60.000,71987,1199.8,832.82,30.25,832.62,877.53,898.09,713.76,1761.58,0.00
7,cpython_3.13,laptop,on,tx,60.000,69148,1152.5,867.00,31.78,866.37,916.59,941.01,738.34,1374.10,0.00
8,cpython_3.13,laptop,on,tx,60.000,71416,1190.3,839.43,35.59,838.77,885.34,906.42,716.81,1901.46,0.00
9,cpython_3.13,laptop,on,tx,60.001,70452,1174.2,850.98,30.98,850.73,898.85,920.44,730.11,2058.40,0.00
10,cpython_3.13,laptop,on,tx,60.001,71124,1185.4,842.92,34.24,842.32,887.79,909.23,716.60,1763.40,0.00
11,cpython_3.13,laptop,on,tx,60.000,69761,1162.7,859.39,41.75,857.70,906.25,932.03,735.18,2145.79,0.00
12,cpython_3.13,laptop,on,tx,60.000,70926,1182.1,845.22,37.83,844.36,891.26,914.81,724.48,2653.79,0.00
13,cpython_3.13,laptop,on,tx,60.001,70872,1181.2,845.90,53.90,843.09,890.43,917.95,717.39,2886.81,0.00
14,cpython_3.13,laptop,on,tx,60.001,71185,1186.4,842.18,50.47,839.79,886.53,913.45,723.52,2208.03,0.00
15,cpython_3.13,laptop,on,tx,60.000,69115,1151.9,867.39,49.67,865.21,913.25,940.22,738.94,2209.91,0.00
16,cpython_3.13,laptop,on,tx,60.000,71130,1185.5,842.82,44.70,841.06,889.50,915.42,719.71,2273.02,0.00
17,cpython_3.13,laptop,on,tx,60.000,71176,1186.3,842.30,29.75,842.03,888.00,908.89,725.23,1787.62,0.00
18,cpython_3.13,laptop,on,tx,60.001,70763,1179.4,847.17,42.98,845.37,893.14,922.59,726.54,2199.80,0.00
19,cpython_3.13,laptop,on,tx,60.001,70284,1171.4,852.98,48.21,850.96,897.79,922.95,731.76,2221.32,0.00
20,cpython_3.13,laptop,on,tx,60.000,70922,1182.0,845.28,31.47,845.02,892.11,913.70,716.17,2081.29,0.00
21,cpython_3.13,laptop,on,tx,60.001,70223,1170.4,853.74,33.38,852.78,905.57,931.30,727.10,1772.11,0.00
22,cpython_3.13,laptop,on,tx,60.000,71053,1184.2,843.75,30.66,843.72,889.18,908.99,718.40,2272.65,0.00
23,cpython_3.13,laptop,on,tx,60.000,71789,1196.5,835.14,42.52,833.42,880.56,905.70,716.35,2063.99,0.00
24,cpython_3.13,laptop,on,tx,60.001,70234,1170.6,853.57,47.05,851.21,902.75,933.02,731.47,2103.35,0.00
25,cpython_3.13,laptop,on,tx,60.000,69428,1157.1,863.49,41.08,861.51,916.05,945.82,729.93,1883.71,0.00
26,cpython_3.13,laptop,on,tx,60.000,69045,1150.7,868.24,57.40,864.14,914.42,964.87,728.74,2809.99,0.00
27,cpython_3.13,laptop,on,tx,60.001,71538,1192.3,838.03,44.46,836.04,884.10,910.93,713.04,1890.48,0.00
28,cpython_3.13,laptop,on,tx,60.001,70301,1171.7,852.78,48.08,850.21,901.37,930.80,719.04,2083.63,0.00
29,cpython_3.13,laptop,on,tx,60.001,68723,1145.4,872.36,32.11,871.74,923.73,947.25,745.59,1668.69,0.00
30,cpython_3.13,laptop,on,tx,60.001,71110,1185.2,843.11,32.33,842.61,888.86,910.27,705.13,1763.77,0.00
1,cpython_3.13,laptop,off,security-sign,60.001,78540,1309.0,763.37,29.01,763.31,808.62,827.82,633.16,1617.60,763.37
2,cpython_3.13,laptop,off,security-sign,60.001,81220,1353.7,738.16,28.02,737.99,782.11,800.66,626.95,1515.11,738.16
3,cpython_3.13,laptop,off,security-sign,60.000,81200,1353.3,738.36,28.50,738.32,781.82,800.91,613.45,1562.85,738.36
4,cpython_3.13,laptop,off,security-sign,60.000,79703,1328.4,752.23,27.73,752.40,797.05,815.37,624.08,1280.12,752.23
5,cpython_3.13,laptop,off,security-sign,60.000,81348,1355.8,736.98,42.59,735.38,779.93,803.38,605.91,1749.59,736.98
6,cpython_3.13,laptop,off,security-sign,60.001,80321,1338.7,746.41,33.29,745.30,791.20,821.63,621.70,1281.05,746.41
7,cpython_3.13,laptop,off,security-sign,60.001,81212,1353.5,738.24,29.70,738.16,782.18,800.95,619.62,1708.97,738.24
8,cpython_3.13,laptop,off,security-sign,60.000,79763,1329.4,751.65,27.32,751.63,795.61,815.18,625.41,1132.31,751.65
9,cpython_3.13,laptop,off,security-sign,60.000,79375,1322.9,755.34,32.84,754.75,800.16,822.79,639.87,1600.02,755.34
10,cpython_3.13,laptop,off,security-sign,60.000,79821,1330.3,751.12,40.74,749.72,795.44,820.36,621.45,1724.27,751.12
11,cpython_3.13,laptop,off,security-sign,60.000,80320,1338.7,746.44,28.56,746.41,790.50,810.17,624.40,1391.35,746.44
12,cpython_3.13,laptop,off,security-sign,60.000,81190,1353.2,738.41,45.64,736.58,780.89,803.56,618.11,1634.49,738.41
13,cpython_3.13,laptop,off,security-sign,60.001,77237,1287.3,776.24,37.48,775.24,820.85,842.63,653.99,1705.79,776.24
14,cpython_3.13,laptop,off,security-sign,60.001,79814,1330.2,751.19,27.83,751.40,795.19,813.59,638.30,1638.98,751.19
15,cpython_3.13,laptop,off,security-sign,60.000,80414,1340.2,745.55,46.54,743.58,788.13,810.80,619.98,1780.41,745.55
16,cpython_3.13,laptop,off,security-sign,60.001,78313,1305.2,765.58,29.16,765.67,811.57,831.61,635.85,1384.73,765.58
17,cpython_3.13,laptop,off,security-sign,60.000,81069,1351.1,739.53,28.52,739.52,783.10,802.69,600.73,1703.22,739.53
18,cpython_3.13,laptop,off,security-sign,60.001,81650,1360.8,734.30,27.07,734.37,777.86,796.59,623.71,1139.96,734.30
19,cpython_3.13,laptop,off,security-sign,60.000,82049,1367.5,730.70,43.51,729.13,773.13,796.61,590.03,1715.81,730.70
20,cpython_3.13,laptop,off,security-sign,60.000,78422,1307.0,764.52,28.03,764.53,809.90,828.92,614.44,1208.98,764.52
21,cpython_3.13,laptop,off,security-sign,60.000,81363,1356.0,736.85,47.37,734.56,778.88,801.61,619.69,2022.18,736.85
22,cpython_3.13,laptop,off,security-sign,60.000,80620,1343.7,743.66,32.13,742.68,787.53,813.75,632.86,1607.80,743.66
23,cpython_3.13,laptop,off,security-sign,60.000,79543,1325.7,753.72,49.94,750.39,797.75,849.32,635.09,1539.57,753.72
24,cpython_3.13,laptop,off,security-sign,60.001,79184,1319.7,757.15,42.40,755.57,801.47,825.30,625.89,1991.77,757.15
25,cpython_3.13,laptop,off,security-sign,60.001,81031,1350.5,739.89,29.37,739.78,784.12,803.03,627.92,1667.63,739.89
26,cpython_3.13,laptop,off,security-sign,60.000,80785,1346.4,742.13,39.73,740.63,785.10,809.59,619.97,1637.13,742.13
27,cpython_3.13,laptop,off,security-sign,60.001,81600,1360.0,734.73,29.86,734.35,778.62,799.91,601.42,1379.51,734.73
28,cpython_3.13,laptop,off,security-sign,60.001,80992,1349.9,740.27,35.81,739.45,783.90,806.32,609.61,3633.22,740.27
29,cpython_3.13,laptop,off,security-sign,60.000,81711,1361.8,733.74,30.24,733.19,777.24,799.22,624.70,1557.17,733.74
30,cpython_3.13,laptop,off,security-sign,60.000,81920,1365.3,731.84,28.87,731.95,774.52,793.17,618.76,1538.56,731.84
1,cpython_3.13,laptop,off,security-verify,60.004,11416,190.3,5255.23,139.83,5238.49,5321.58,5715.91,5168.71,8558.73,5255.23
2,cpython_3.13,laptop,off,security-verify,60.002,11494,191.6,5219.40,51.44,5213.77,5267.63,5332.61,5156.44,6739.13,5219.40
3,cpython_3.13,laptop,off,security-verify,60.004,11814,196.9,5078.20,36.62,5073.06,5128.99,5193.28,5012.41,6181.99,5078.20
4,cpython_3.13,laptop,off,security-verify,60.003,11245,187.4,5335.11,212.12,5313.55,5380.54,5539.67,5240.32,8687.22,5335.11
5,cpython_3.13,laptop,off,security-verify,60.000,11304,188.4,5306.98,39.97,5301.89,5367.92,5425.42,5230.87,6134.70,5306.98
6,cpython_3.13,laptop,off,security-verify,60.002,11451,190.8,5239.02,175.48,5222.74,5275.23,5486.66,5151.62,8547.59,5239.02
7,cpython_3.13,laptop,off,security-verify,60.001,11576,192.9,5182.39,51.44,5176.30,5233.89,5301.88,5118.32,7935.54,5182.39
8,cpython_3.13,laptop,off,security-verify,60.004,11215,186.9,5349.40,33.75,5345.69,5400.74,5448.09,5271.29,6101.48,5349.40
9,cpython_3.13,laptop,off,security-verify,60.002,11512,191.9,5211.24,40.05,5205.88,5265.31,5332.44,5141.55,6231.65,5211.24
10,cpython_3.13,laptop,off,security-verify,60.004,11747,195.8,5107.15,127.00,5088.34,5152.49,5982.45,5028.24,6503.46,5107.15
11,cpython_3.13,laptop,off,security-verify,60.005,11499,191.6,5217.44,37.49,5212.64,5266.93,5324.74,5148.74,6299.21,5217.44
12,cpython_3.13,laptop,off,security-verify,60.001,11458,191.0,5235.71,41.85,5230.52,5287.52,5344.81,5166.66,6255.61,5235.71
13,cpython_3.13,laptop,off,security-verify,60.002,11452,190.9,5238.57,35.52,5233.92,5293.71,5351.48,5163.97,6048.15,5238.57
14,cpython_3.13,laptop,off,security-verify,60.003,11432,190.5,5247.78,190.27,5226.61,5297.84,5687.89,5150.60,8570.21,5247.78
15,cpython_3.13,laptop,off,security-verify,60.004,11348,189.1,5286.82,34.05,5282.12,5345.73,5403.64,5206.48,5888.66,5286.82
16,cpython_3.13,laptop,off,security-verify,60.001,11261,187.7,5327.35,28.40,5324.42,5373.00,5412.78,5247.44,5798.22,5327.35
17,cpython_3.13,laptop,off,security-verify,60.001,11378,189.6,5272.50,166.71,5255.16,5328.37,5498.83,5177.75,8568.96,5272.50
18,cpython_3.13,laptop,off,security-verify,60.002,11366,189.4,5278.27,62.07,5271.18,5340.34,5402.17,5194.90,6861.27,5278.27
19,cpython_3.13,laptop,off,security-verify,60.002,11429,190.5,5249.10,39.67,5244.06,5305.87,5357.93,5173.51,6636.32,5249.10
20,cpython_3.13,laptop,off,security-verify,60.002,11381,189.7,5271.22,154.79,5257.11,5319.09,5411.33,5176.56,8570.65,5271.22
21,cpython_3.13,laptop,off,security-verify,60.003,11534,192.2,5201.37,50.56,5195.76,5256.82,5325.07,5131.09,8591.97,5201.37
22,cpython_3.13,laptop,off,security-verify,60.005,11382,189.7,5271.02,163.35,5253.87,5316.79,5456.75,5188.94,8547.84,5271.02
23,cpython_3.13,laptop,off,security-verify,60.003,11374,189.6,5274.56,55.47,5268.31,5331.96,5402.10,5197.34,6758.73,5274.56
24,cpython_3.13,laptop,off,security-verify,60.005,11410,190.2,5258.13,148.39,5243.03,5314.82,5542.64,5174.40,8587.17,5258.13
25,cpython_3.13,laptop,off,security-verify,60.001,11264,187.7,5325.96,40.60,5320.96,5379.95,5435.86,5256.68,6309.43,5325.96
26,cpython_3.13,laptop,off,security-verify,60.004,11284,188.1,5316.77,113.29,5303.88,5375.68,5539.07,5239.94,8576.91,5316.77
27,cpython_3.13,laptop,off,security-verify,60.000,11456,190.9,5236.62,38.00,5231.69,5284.94,5343.18,5178.08,6689.12,5236.62
28,cpython_3.13,laptop,off,security-verify,60.000,11566,192.8,5186.74,217.25,5161.63,5261.01,5574.11,5093.02,9834.64,5186.74
29,cpython_3.13,laptop,off,security-verify,60.004,11311,188.5,5304.03,205.15,5282.16,5345.48,5564.29,5221.42,8794.57,5304.03
30,cpython_3.13,laptop,off,security-verify,60.002,11455,190.9,5237.23,45.33,5230.77,5296.57,5362.88,5165.34,6502.69,5237.23
1,pypy_3.11,laptop,on,tx,60.000,104854,1747.6,571.81,317.38,551.67,651.14,900.45,450.55,19989.47,0.00
2,pypy_3.11,laptop,on,tx,60.000,106152,1769.2,564.92,311.13,547.22,625.49,794.77,446.63,19562.80,0.00
3,pypy_3.11,laptop,on,tx,60.000,105955,1765.9,565.93,321.07,547.21,636.14,810.48,434.02,21942.15,0.00
4,pypy_3.11,laptop,on,tx,60.000,105002,1750.0,571.08,312.07,552.87,639.81,800.63,443.94,18643.14,0.00
5,pypy_3.11,laptop,on,tx,60.000,104003,1733.4,576.55,319.18,559.12,642.63,797.28,452.64,20400.97,0.00
6,pypy_3.11,laptop,on,tx,60.000,105734,1762.2,567.13,309.77,549.89,629.55,790.60,429.31,19473.42,0.00
7,pypy_3.11,laptop,on,tx,60.000,105322,1755.4,569.33,307.23,551.03,647.21,800.19,451.70,19242.51,0.00
8,pypy_3.11,laptop,on,tx,60.000,105810,1763.5,566.48,304.57,549.82,628.56,786.95,444.54,20142.84,0.00
9,pypy_3.11,laptop,on,tx,60.001,105017,1750.3,570.87,312.58,552.34,638.25,827.17,445.46,19715.71,0.00
10,pypy_3.11,laptop,on,tx,60.000,104502,1741.7,573.79,333.69,554.53,654.89,820.35,443.07,21538.68,0.00
11,pypy_3.11,laptop,on,tx,60.000,104860,1747.7,571.72,303.20,552.39,648.68,830.65,455.02,18832.37,0.00
12,pypy_3.11,laptop,on,tx,60.000,105417,1756.9,568.86,317.85,549.47,643.96,854.87,437.15,20132.61,0.00
13,pypy_3.11,laptop,on,tx,60.000,103560,1726.0,579.05,320.52,561.80,648.40,794.94,442.41,20472.32,0.00
14,pypy_3.11,laptop,on,tx,60.001,103942,1732.4,576.92,324.90,556.99,648.03,838.75,453.74,19689.79,0.00
15,pypy_3.11,laptop,on,tx,60.000,104177,1736.3,575.49,313.01,557.45,644.21,816.98,441.55,19878.53,0.00
16,pypy_3.11,laptop,on,tx,60.000,105492,1758.2,568.03,304.95,549.38,646.65,821.50,444.31,20137.37,0.00
17,pypy_3.11,laptop,on,tx,60.000,106097,1768.3,565.24,318.54,546.96,622.51,809.90,445.95,19447.72,0.00
18,pypy_3.11,laptop,on,tx,60.000,105619,1760.3,567.74,308.75,547.80,648.28,842.52,439.82,19065.80,0.00
19,pypy_3.11,laptop,on,tx,60.001,105677,1761.3,567.45,314.56,549.03,636.20,800.86,444.83,19596.23,0.00
20,pypy_3.11,laptop,on,tx,60.001,105444,1757.4,568.66,316.17,550.02,645.66,799.55,448.14,19703.66,0.00
21,pypy_3.11,laptop,on,tx,60.000,103982,1733.0,576.70,321.27,550.05,701.93,1034.27,442.21,18415.98,0.00
22,pypy_3.11,laptop,on,tx,60.000,105361,1756.0,569.07,311.39,547.37,672.37,876.28,451.80,18638.77,0.00
23,pypy_3.11,laptop,on,tx,60.000,105414,1756.9,568.72,309.82,550.91,644.04,791.14,442.02,20032.19,0.00
24,pypy_3.11,laptop,on,tx,60.000,104966,1749.4,571.28,318.10,554.49,629.82,789.06,449.57,20272.67,0.00
25,pypy_3.11,laptop,on,tx,60.000,104946,1749.1,571.42,324.93,553.21,635.57,802.90,445.87,21262.76,0.00
26,pypy_3.11,laptop,on,tx,60.001,105961,1766.0,565.93,313.76,549.60,620.65,781.41,445.54,19089.83,0.00
27,pypy_3.11,laptop,on,tx,60.000,106361,1772.7,563.79,303.55,546.37,623.67,798.06,440.30,18941.86,0.00
28,pypy_3.11,laptop,on,tx,60.000,104987,1749.8,571.15,312.86,553.60,639.00,796.01,447.78,19555.91,0.00
29,pypy_3.11,laptop,on,tx,60.000,105952,1765.9,565.80,304.54,547.10,633.71,825.89,438.81,19283.71,0.00
30,pypy_3.11,laptop,on,tx,60.001,103448,1724.1,579.67,310.75,562.57,645.24,802.52,441.52,18823.43,0.00
1,pypy_3.11,laptop,off,security-sign,60.000,116221,1937.0,516.04,273.68,507.79,553.89,583.71,406.76,17474.08,516.04
2,pypy_3.11,laptop,off,security-sign,60.000,116162,1936.0,516.30,274.75,508.52,553.64,581.00,412.94,17687.93,516.30
3,pypy_3.11,laptop,off,security-sign,60.001,115627,1927.1,518.70,276.67,509.62,556.69,596.25,418.52,17576.53,518.70
4,pypy_3.11,laptop,off,security-sign,60.000,116111,1935.2,516.50,277.07,508.69,553.22,579.85,409.98,19034.82,516.50
5,pypy_3.11,laptop,off,security-sign,60.001,116175,1936.2,516.24,280.61,507.43,553.94,591.37,414.99,20255.87,516.24
6,pypy_3.11,laptop,off,security-sign,60.000,116326,1938.8,515.57,276.47,507.50,553.14,580.54,403.17,19344.51,515.57
7,pypy_3.11,laptop,off,security-sign,60.000,116751,1945.8,513.68,274.13,504.67,552.16,591.28,411.94,17396.18,513.68
8,pypy_3.11,laptop,off,security-sign,60.000,115814,1930.2,517.80,277.97,507.96,555.18,608.03,416.64,19715.52,517.80
9,pypy_3.11,laptop,off,security-sign,60.001,116143,1935.7,516.11,264.54,508.56,553.76,580.27,411.38,19423.84,516.11
10,pypy_3.11,laptop,off,security-sign,60.001,116586,1943.1,514.41,274.83,506.46,551.73,580.23,413.64,20385.24,514.41
11,pypy_3.11,laptop,off,security-sign,60.000,115715,1928.6,518.12,269.22,509.57,555.71,589.27,415.28,18960.73,518.12
12,pypy_3.11,laptop,off,security-sign,60.000,116706,1945.1,513.84,273.01,505.77,551.34,579.69,407.39,17567.76,513.84
13,pypy_3.11,laptop,off,security-sign,60.000,115643,1927.4,518.58,278.13,510.43,556.56,586.94,414.13,19185.31,518.58
14,pypy_3.11,laptop,off,security-sign,60.000,115918,1932.0,517.37,277.64,509.18,554.05,581.79,410.74,18323.77,517.37
15,pypy_3.11,laptop,off,security-sign,60.000,116367,1939.4,515.35,275.42,507.39,552.41,579.08,417.21,17863.39,515.35
16,pypy_3.11,laptop,off,security-sign,60.000,115391,1923.2,519.61,279.74,509.43,557.85,621.96,416.49,18603.62,519.61
17,pypy_3.11,laptop,off,security-sign,60.000,115828,1930.5,517.64,267.47,509.16,555.72,595.98,410.54,18525.94,517.64
18,pypy_3.11,laptop,off,security-sign,60.000,116247,1937.4,515.92,274.50,507.98,552.75,580.09,413.69,17578.65,515.92
19,pypy_3.11,laptop,off,security-sign,60.001,116179,1936.3,516.19,273.73,508.08,553.68,582.57,408.42,17390.41,516.19
20,pypy_3.11,laptop,off,security-sign,60.000,116075,1934.6,516.50,274.88,508.40,554.03,583.90,404.82,18253.96,516.50
21,pypy_3.11,laptop,off,security-sign,60.000,115114,1918.6,520.97,281.66,510.99,560.23,611.34,395.13,19366.55,520.97
22,pypy_3.11,laptop,off,security-sign,60.000,116533,1942.2,514.64,274.20,506.46,552.36,580.48,410.50,17547.92,514.64
23,pypy_3.11,laptop,off,security-sign,60.000,115452,1924.2,519.47,275.96,510.45,557.30,596.07,412.50,19830.30,519.47
24,pypy_3.11,laptop,off,security-sign,60.000,115366,1922.8,519.82,276.28,511.17,557.17,588.80,418.59,18710.32,519.82
25,pypy_3.11,laptop,off,security-sign,60.000,116311,1938.5,515.61,275.37,507.35,553.63,583.41,407.11,17410.10,515.61
26,pypy_3.11,laptop,off,security-sign,60.000,116134,1935.6,516.41,273.92,508.06,553.99,585.02,410.15,17711.96,516.41
27,pypy_3.11,laptop,off,security-sign,60.000,115234,1920.6,520.40,278.32,509.04,560.29,694.99,414.25,19092.16,520.40
28,pypy_3.11,laptop,off,security-sign,60.000,115335,1922.2,520.00,277.97,511.64,557.17,586.71,414.41,18353.02,520.00
29,pypy_3.11,laptop,off,security-sign,60.000,115380,1923.0,519.81,277.45,511.64,557.12,585.94,409.12,17885.99,519.81
30,pypy_3.11,laptop,off,security-sign,60.000,115945,1932.4,517.13,270.49,508.84,555.08,586.12,415.24,17409.49,517.13
1,pypy_3.11,laptop,off,security-verify,60.001,13269,221.1,4519.51,735.13,4460.27,4613.99,5170.33,4279.69,29653.99,4519.51
2,pypy_3.11,laptop,off,security-verify,60.004,13216,220.3,4537.55,762.21,4481.16,4639.80,4923.05,4299.63,30215.53,4537.55
3,pypy_3.11,laptop,off,security-verify,60.004,13249,220.8,4526.44,736.14,4454.70,4639.25,6112.18,4268.16,29727.50,4526.44
4,pypy_3.11,laptop,off,security-verify,60.002,13381,223.0,4481.84,741.29,4423.24,4581.16,4871.51,4249.36,29987.42,4481.84
5,pypy_3.11,laptop,off,security-verify,60.003,13014,216.9,4608.20,805.27,4532.36,4730.92,6259.06,4363.43,31504.75,4608.20
6,pypy_3.11,laptop,off,security-verify,60.001,13215,220.2,4537.93,740.42,4479.12,4649.67,4903.45,4311.83,29875.11,4537.93
7,pypy_3.11,laptop,off,security-verify,60.002,13083,218.0,4583.80,806.16,4499.32,4727.87,6170.82,4323.35,30634.56,4583.80
8,pypy_3.11,laptop,off,security-verify,60.004,13156,219.3,4558.46,736.17,4485.10,4687.07,5971.39,4297.42,30925.20,4558.46
9,pypy_3.11,laptop,off,security-verify,60.001,13114,218.6,4572.90,776.50,4500.49,4684.48,6342.18,4301.59,32647.33,4572.90
10,pypy_3.11,laptop,off,security-verify,60.003,13076,217.9,4586.01,760.63,4520.27,4702.32,5334.36,4338.20,29443.85,4586.01
11,pypy_3.11,laptop,off,security-verify,60.002,13226,220.4,4534.34,780.02,4468.39,4641.57,5098.17,4304.57,30092.98,4534.34
12,pypy_3.11,laptop,off,security-verify,60.003,13241,220.7,4529.32,721.87,4458.46,4647.04,5961.23,4285.45,29467.98,4529.32
13,pypy_3.11,laptop,off,security-verify,60.001,13179,219.6,4550.26,746.90,4494.61,4656.41,4899.49,4299.61,30041.22,4550.26
14,pypy_3.11,laptop,off,security-verify,60.002,13035,217.2,4600.81,874.13,4525.33,4715.10,6086.32,4347.21,51915.11,4600.81
15,pypy_3.11,laptop,off,security-verify,60.003,13026,217.1,4604.06,776.37,4542.22,4707.33,5139.08,4362.25,29501.77,4604.06
16,pypy_3.11,laptop,off,security-verify,60.000,13191,219.8,4546.13,783.66,4479.69,4675.93,5133.56,4285.27,30052.88,4546.13
17,pypy_3.11,laptop,off,security-verify,60.001,13106,218.4,4575.74,817.95,4498.90,4702.33,5951.45,4328.72,34534.73,4575.74
18,pypy_3.11,laptop,off,security-verify,60.003,13324,222.1,4500.93,756.83,4438.76,4619.07,4985.75,4269.94,29535.97,4500.93
19,pypy_3.11,laptop,off,security-verify,60.001,13178,219.6,4550.48,761.90,4492.39,4671.08,4902.44,4285.90,29744.61,4550.48
20,pypy_3.11,laptop,off,security-verify,60.004,13148,219.1,4561.42,788.85,4494.87,4678.05,5268.13,4296.90,29860.15,4561.42
21,pypy_3.11,laptop,off,security-verify,60.001,13240,220.7,4529.29,749.99,4468.11,4634.68,5043.16,4299.57,29912.45,4529.29
22,pypy_3.11,laptop,off,security-verify,60.001,13322,222.0,4501.39,773.39,4434.14,4605.67,6036.09,4251.33,32380.40,4501.39
23,pypy_3.11,laptop,off,security-verify,60.002,13249,220.8,4526.44,705.97,4466.94,4638.22,4964.28,4301.16,29790.90,4526.44
24,pypy_3.11,laptop,off,security-verify,60.001,13104,218.4,4576.36,799.67,4501.65,4693.24,6313.87,4317.34,29785.22,4576.36
25,pypy_3.11,laptop,off,security-verify,60.003,13243,220.7,4528.31,773.80,4467.43,4643.58,4962.48,4279.52,29542.14,4528.31
26,pypy_3.11,laptop,off,security-verify,60.003,13047,217.4,4596.52,726.53,4534.48,4705.35,5194.71,4334.87,29579.34,4596.52
27,pypy_3.11,laptop,off,security-verify,60.001,13051,217.5,4594.81,813.79,4497.56,4720.02,6889.44,4324.76,29430.06,4594.81
28,pypy_3.11,laptop,off,security-verify,60.002,12997,216.6,4614.06,788.69,4549.04,4716.40,5430.22,4374.02,34523.21,4614.06
29,pypy_3.11,laptop,off,security-verify,60.003,13091,218.2,4581.11,789.44,4515.60,4686.66,5486.71,4352.77,29318.77,4581.11
30,pypy_3.11,laptop,off,security-verify,60.004,13010,216.8,4609.61,790.28,4548.27,4723.80,5123.23,4352.72,29752.80,4609.61
1,cpython_3.13,laptop,off,rx,60.001,724519,12075.1,30.82,1.75,30.68,31.85,33.85,27.81,281.33,0.00
2,cpython_3.13,laptop,off,rx,60.093,724988,12064.5,30.86,3.47,30.75,31.81,33.05,28.08,383.32,0.00
3,cpython_3.13,laptop,off,rx,60.044,722659,12035.4,30.97,4.16,30.85,31.88,33.10,28.04,495.11,0.00
4,cpython_3.13,laptop,off,rx,60.039,721360,12014.8,31.13,3.37,31.00,32.10,33.38,28.40,369.83,0.00
5,cpython_3.13,laptop,off,rx,60.009,653271,10886.1,34.49,4.59,32.03,40.53,51.55,28.12,93.67,0.00
6,cpython_3.13,laptop,off,rx,60.004,706619,11776.1,31.60,3.14,30.87,38.04,45.09,27.82,191.29,0.00
7,cpython_3.13,laptop,off,rx,60.014,727219,12117.5,30.94,1.06,30.86,31.89,33.41,28.20,106.97,0.00
8,cpython_3.13,laptop,off,rx,60.000,719680,11994.6,30.92,1.37,30.82,31.95,33.72,28.16,128.95,0.00
9,cpython_3.13,laptop,off,rx,60.002,677263,11287.4,33.02,4.40,31.10,40.34,50.53,28.09,100.14,0.00
10,cpython_3.13,laptop,off,rx,60.354,718467,11904.3,31.06,3.80,30.91,32.00,33.62,28.22,384.60,0.00
11,cpython_3.13,laptop,off,rx,60.022,723275,12050.2,30.78,4.34,30.65,31.70,32.82,27.73,450.36,0.00
12,cpython_3.13,laptop,off,rx,60.019,728482,12137.5,30.85,0.95,30.80,31.85,33.16,28.00,119.44,0.00
13,cpython_3.13,laptop,off,rx,60.000,726297,12104.9,30.84,0.96,30.78,31.84,33.28,27.69,85.21,0.00
14,cpython_3.13,laptop,off,rx,60.091,728800,12128.4,30.97,0.93,30.92,32.00,33.42,28.18,70.14,0.00
15,cpython_3.13,laptop,off,rx,60.022,720466,12003.4,30.91,1.07,30.84,31.88,33.32,28.20,110.44,0.00
16,cpython_3.13,laptop,off,rx,60.074,727404,12108.5,31.06,0.87,31.01,32.05,33.35,28.28,98.60,0.00
17,cpython_3.13,laptop,off,rx,60.935,738211,12114.6,30.78,3.72,30.65,31.61,32.94,27.89,411.71,0.00
18,cpython_3.13,laptop,off,rx,60.003,632679,10544.2,35.08,5.47,32.13,45.95,53.64,28.31,103.20,0.00
19,cpython_3.13,laptop,off,rx,60.094,726412,12087.8,30.84,4.10,30.68,31.74,33.19,27.78,390.35,0.00
20,cpython_3.13,laptop,off,rx,60.281,728103,12078.4,31.05,4.23,30.92,31.97,33.10,28.27,508.68,0.00
21,cpython_3.13,laptop,off,rx,60.008,722815,12045.2,31.18,1.21,31.10,32.29,33.72,28.38,129.90,0.00
22,cpython_3.13,laptop,off,rx,60.034,724768,12072.6,30.99,3.80,30.84,31.91,33.64,27.96,388.45,0.00
23,cpython_3.13,laptop,off,rx,60.006,641054,10683.1,35.05,5.08,32.37,43.22,52.68,28.50,116.97,0.00
24,cpython_3.13,laptop,off,rx,60.000,634240,10570.6,35.32,5.59,32.31,46.46,55.44,28.65,104.80,0.00
25,cpython_3.13,laptop,off,rx,60.055,723096,12040.6,30.91,0.93,30.86,31.86,33.18,28.27,97.47,0.00
26,cpython_3.13,laptop,off,rx,60.000,657653,10960.9,33.70,5.32,31.19,45.17,53.64,28.16,109.57,0.00
27,cpython_3.13,laptop,off,rx,60.011,643140,10717.1,34.59,5.04,31.79,43.35,52.33,28.13,104.04,0.00
28,cpython_3.13,laptop,off,rx,60.067,646003,10754.7,34.78,4.90,32.07,42.76,52.16,28.06,104.08,0.00
29,cpython_3.13,laptop,off,rx,60.023,719167,11981.5,31.05,4.11,30.92,31.88,33.25,28.27,452.24,0.00
30,cpython_3.13,laptop,off,rx,60.007,643251,10719.6,34.96,5.03,32.29,43.38,52.67,28.46,110.62,0.00
1,pypy_3.11,rpi5,off,rx,60.000,929206,15486.7,21.52,57.77,20.17,25.50,33.72,16.68,15827.88,0.00
2,pypy_3.11,rpi5,off,rx,60.000,959647,15994.0,23.85,49.11,22.56,25.83,36.72,18.30,15684.36,0.00
3,pypy_3.11,rpi5,off,rx,60.000,977692,16294.8,21.60,62.57,19.93,26.50,36.28,16.83,13563.24,0.00
4,pypy_3.11,rpi5,off,rx,60.000,942710,15711.8,19.69,55.34,18.11,22.69,38.52,15.78,15546.65,0.00
5,pypy_3.11,rpi5,off,rx,60.000,947762,15796.0,21.50,50.60,20.17,23.46,38.41,16.87,15395.05,0.00
6,pypy_3.11,rpi5,off,rx,60.000,927311,15455.1,26.65,51.82,25.28,30.22,40.39,19.00,13788.10,0.00
7,pypy_3.11,rpi5,off,rx,60.000,938171,15636.1,19.55,59.71,18.06,22.18,34.30,15.65,15499.05,0.00
8,pypy_3.11,rpi5,off,rx,60.000,954690,15911.4,20.23,57.61,18.63,23.43,35.61,16.11,15437.17,0.00
9,pypy_3.11,rpi5,off,rx,60.000,963304,16055.0,23.77,49.99,22.18,30.02,38.00,17.93,14735.11,0.00
10,pypy_3.11,rpi5,off,rx,60.000,950867,15847.8,21.68,49.45,19.41,29.93,39.28,16.04,15283.78,0.00
11,pypy_3.11,rpi5,off,rx,60.000,943881,15731.3,22.76,57.02,21.24,25.83,37.28,17.78,15447.67,0.00
12,pypy_3.11,rpi5,off,rx,60.000,951063,15851.0,20.67,56.81,18.96,24.18,36.83,16.28,15455.74,0.00
13,pypy_3.11,rpi5,off,rx,60.000,964051,16067.5,22.06,53.78,20.59,27.59,36.31,17.24,15448.41,0.00
14,pypy_3.11,rpi5,off,rx,60.000,957840,15963.9,21.88,58.28,19.24,31.11,39.54,16.22,15526.82,0.00
15,pypy_3.11,rpi5,off,rx,60.000,952284,15871.3,20.19,56.28,18.69,23.28,33.54,16.13,15319.96,0.00
16,pypy_3.11,rpi5,off,rx,60.000,952660,15877.6,19.43,55.96,18.17,21.52,32.21,15.95,13761.36,0.00
17,pypy_3.11,rpi5,off,rx,60.000,967385,16123.1,24.50,55.83,23.17,29.50,38.23,18.89,14447.09,0.00
18,pypy_3.11,rpi5,off,rx,60.000,942257,15704.3,22.31,62.45,19.43,30.80,38.41,16.24,15503.31,0.00
19,pypy_3.11,rpi5,off,rx,60.000,938373,15639.5,19.77,46.86,18.32,22.98,33.99,15.80,15705.26,0.00
20,pypy_3.11,rpi5,off,rx,60.000,973790,16229.8,20.35,52.24,18.41,24.93,36.85,15.76,16114.15,0.00
21,pypy_3.11,rpi5,off,rx,60.000,946978,15782.9,20.12,53.12,18.28,24.04,34.52,15.65,15570.03,0.00
22,pypy_3.11,rpi5,off,rx,60.000,963845,16064.0,22.34,61.75,20.68,27.24,39.17,17.61,15384.54,0.00
23,pypy_3.11,rpi5,off,rx,60.000,974714,16245.2,20.10,50.55,18.48,23.74,33.45,16.00,14630.99,0.00
24,pypy_3.11,rpi5,off,rx,60.000,951213,15853.5,20.34,54.23,18.83,24.13,33.35,16.48,15845.91,0.00
25,pypy_3.11,rpi5,off,rx,60.000,993917,16565.3,19.97,56.11,18.26,24.11,35.96,15.95,15408.79,0.00
26,pypy_3.11,rpi5,off,rx,60.000,953694,15894.9,20.07,56.21,18.48,23.02,34.41,16.13,15559.89,0.00
27,pypy_3.11,rpi5,off,rx,60.000,1000595,16676.6,19.05,55.91,17.89,21.24,29.68,15.65,15861.05,0.00
28,pypy_3.11,rpi5,off,rx,60.000,946628,15777.1,21.78,50.24,20.43,26.56,35.59,17.05,14411.87,0.00
29,pypy_3.11,rpi5,off,rx,60.000,964738,16078.9,20.02,53.98,18.61,22.44,33.12,16.26,15460.33,0.00
30,pypy_3.11,rpi5,off,rx,60.000,970471,16174.5,21.50,56.52,18.98,32.05,39.65,16.39,15445.59,0.00
1,cpython_3.13,laptop,on,rx,60.014,11441,190.6,5236.45,57.62,5233.00,5318.71,5378.08,5074.21,6347.08,0.00
2,cpython_3.13,laptop,on,rx,60.007,11265,187.7,5317.97,61.77,5314.70,5401.28,5459.84,5149.27,7060.17,0.00
3,cpython_3.13,laptop,on,rx,60.006,10971,182.8,5460.46,184.40,5448.72,5536.86,5771.48,5222.33,11205.92,0.00
4,cpython_3.13,laptop,on,rx,60.008,11492,191.5,5212.79,75.53,5206.13,5295.82,5373.59,5054.45,6723.50,0.00
5,cpython_3.13,laptop,on,rx,60.007,11358,189.3,5274.58,193.68,5252.48,5366.92,5698.55,5067.31,8640.84,0.00
6,cpython_3.13,laptop,on,rx,60.008,11465,191.1,5225.02,210.07,5204.88,5292.73,5612.26,5048.66,9628.72,0.00
7,cpython_3.13,laptop,on,rx,60.007,11347,189.1,5279.85,202.90,5259.96,5353.28,5634.22,5089.21,8789.33,0.00
8,cpython_3.13,laptop,on,rx,60.005,11352,189.2,5277.17,89.11,5270.30,5360.28,5469.35,5105.11,8742.34,0.00
9,cpython_3.13,laptop,on,rx,60.007,11043,184.0,5425.19,62.00,5422.51,5513.92,5558.73,5247.52,7354.06,0.00
10,cpython_3.13,laptop,on,rx,60.006,11431,190.5,5240.76,64.94,5235.45,5325.76,5435.97,5061.67,7256.72,0.00
11,cpython_3.13,laptop,on,rx,60.006,11122,185.3,5386.41,72.40,5384.92,5467.72,5517.15,5202.12,7278.22,0.00
12,cpython_3.13,laptop,on,rx,60.008,11273,187.9,5314.01,58.59,5311.23,5395.54,5443.91,5153.31,7463.50,0.00
13,cpython_3.13,laptop,on,rx,60.010,10994,183.2,5449.37,88.52,5438.16,5548.68,5760.11,5252.70,6594.37,0.00
14,cpython_3.13,laptop,on,rx,60.010,11349,189.1,5278.51,69.97,5274.34,5357.80,5414.48,5108.00,7358.49,0.00
15,cpython_3.13,laptop,on,rx,60.015,11567,192.7,5178.97,57.22,5175.50,5259.25,5310.64,5010.48,6317.50,0.00
16,cpython_3.13,laptop,on,rx,60.006,11474,191.2,5220.53,64.12,5216.65,5300.41,5359.50,5060.57,6568.98,0.00
17,cpython_3.13,laptop,on,rx,60.009,11432,190.5,5239.68,64.44,5235.37,5321.60,5388.46,5052.02,7272.23,0.00
18,cpython_3.13,laptop,on,rx,60.009,11323,188.7,5291.03,193.61,5273.64,5364.60,5549.92,5120.99,8865.33,0.00
19,cpython_3.13,laptop,on,rx,60.005,11204,186.7,5346.29,71.62,5339.61,5439.73,5549.99,5172.89,7375.64,0.00
20,cpython_3.13,laptop,on,rx,60.008,11352,189.2,5277.28,54.67,5274.27,5358.22,5411.54,5111.91,6998.43,0.00
21,cpython_3.13,laptop,on,rx,60.009,11383,189.7,5262.85,60.31,5259.00,5345.36,5418.59,5112.94,7529.05,0.00
22,cpython_3.13,laptop,on,rx,60.007,11363,189.4,5272.20,194.59,5255.16,5346.10,5468.17,5100.62,8650.51,0.00
23,cpython_3.13,laptop,on,rx,60.007,11244,187.4,5327.85,201.36,5310.77,5396.57,5485.03,5135.65,8738.95,0.00
24,cpython_3.13,laptop,on,rx,60.007,11140,185.6,5377.86,64.55,5376.78,5461.18,5503.45,5181.55,6586.01,0.00
25,cpython_3.13,laptop,on,rx,60.010,11385,189.7,5262.48,188.86,5246.33,5340.75,5449.66,5054.40,8687.14,0.00
26,cpython_3.13,laptop,on,rx,60.009,11121,185.3,5387.19,81.13,5385.17,5468.25,5523.51,5194.69,9041.72,0.00
27,cpython_3.13,laptop,on,rx,60.006,11551,192.5,5186.03,52.31,5183.61,5266.11,5318.57,5030.71,6241.96,0.00
28,cpython_3.13,laptop,on,rx,60.009,11416,190.2,5246.93,201.78,5225.54,5324.69,5785.16,5073.91,9042.20,0.00
29,cpython_3.13,laptop,on,rx,60.007,11252,187.5,5324.07,186.80,5306.60,5398.25,5604.47,5136.41,8673.00,0.00
30,cpython_3.13,laptop,on,rx,60.008,11281,188.0,5309.61,215.40,5289.04,5385.22,5638.25,5138.30,9300.03,0.00
1,pypy_3.11,laptop,on,rx,60.003,11939,199.0,5010.50,668.25,4946.81,5254.92,5578.67,4656.25,31258.32,0.00
2,pypy_3.11,laptop,on,rx,60.002,11906,198.4,5024.71,736.54,4964.16,5256.75,5425.62,4701.78,31038.13,0.00
3,pypy_3.11,laptop,on,rx,60.003,11906,198.4,5024.47,671.10,4949.35,5274.98,6453.64,4679.37,30702.45,0.00
4,pypy_3.11,laptop,on,rx,60.006,11909,198.5,5023.34,762.68,4950.54,5277.88,6067.35,4684.17,31172.09,0.00
5,pypy_3.11,laptop,on,rx,60.001,11917,198.6,5019.39,737.89,4953.72,5281.57,5541.73,4697.85,30859.89,0.00
6,pypy_3.11,laptop,on,rx,60.000,11515,191.9,5194.85,811.11,5124.01,5447.20,5642.85,4814.69,33087.55,0.00
7,pypy_3.11,laptop,on,rx,60.002,11897,198.3,5028.08,759.38,4952.12,5266.37,6610.59,4698.12,31009.15,0.00
8,pypy_3.11,laptop,on,rx,60.000,11494,191.6,5204.78,734.92,5134.05,5478.36,5674.26,4815.19,31424.46,0.00
9,pypy_3.11,laptop,on,rx,60.002,11977,199.6,4994.39,692.45,4928.77,5252.04,5430.11,4667.11,31076.47,0.00
10,pypy_3.11,laptop,on,rx,60.004,11964,199.4,5000.02,693.76,4937.67,5250.17,5510.35,4663.60,30790.25,0.00
11,pypy_3.11,laptop,on,rx,60.005,11972,199.5,4997.54,657.04,4924.53,5262.84,5531.19,4670.78,31373.31,0.00
12,pypy_3.11,laptop,on,rx,60.002,11965,199.4,4999.58,750.93,4927.11,5243.14,6126.55,4681.38,31522.39,0.00
13,pypy_3.11,laptop,on,rx,60.002,12016,200.3,4977.77,712.42,4906.82,5216.67,6123.62,4660.59,31265.38,0.00
14,pypy_3.11,laptop,on,rx,60.003,12015,200.2,4978.86,756.33,4906.95,5236.10,5640.95,4617.40,31549.91,0.00
15,pypy_3.11,laptop,on,rx,60.007,11895,198.2,5028.60,705.05,4955.35,5280.83,6261.20,4685.50,31327.09,0.00
16,pypy_3.11,laptop,on,rx,60.005,11991,199.8,4988.20,684.87,4924.48,5245.06,5497.71,4664.79,31202.51,0.00
17,pypy_3.11,laptop,on,rx,60.003,11966,199.4,4999.71,688.57,4929.78,5232.59,6299.91,4665.62,31215.42,0.00
18,pypy_3.11,laptop,on,rx,60.003,11938,199.0,5011.57,688.00,4936.55,5270.84,6474.89,4641.10,27176.59,0.00
19,pypy_3.11,laptop,on,rx,60.002,11936,198.9,5011.34,717.53,4948.42,5269.31,5447.29,4657.94,31758.56,0.00
20,pypy_3.11,laptop,on,rx,60.001,11975,199.6,4995.03,700.93,4932.89,5231.72,5403.72,4686.42,30978.10,0.00
21,pypy_3.11,laptop,on,rx,60.001,11846,197.4,5049.24,692.62,4979.43,5288.98,6149.00,4695.46,27332.51,0.00
22,pypy_3.11,laptop,on,rx,60.002,11852,197.5,5046.75,851.74,4949.00,5264.35,7480.06,4681.40,31388.42,0.00
23,pypy_3.11,laptop,on,rx,60.005,11946,199.1,5007.24,744.18,4945.53,5203.11,5405.32,4688.99,31261.22,0.00
24,pypy_3.11,laptop,on,rx,60.005,11757,195.9,5087.39,761.59,5007.88,5404.90,5922.93,4678.24,30958.06,0.00
25,pypy_3.11,laptop,on,rx,60.004,11880,198.0,5034.96,750.30,4963.86,5243.27,6374.81,4714.23,30997.41,0.00
26,pypy_3.11,laptop,on,rx,60.003,11805,196.7,5066.53,755.97,4999.14,5291.64,5615.26,4724.45,31416.65,0.00
27,pypy_3.11,laptop,on,rx,60.001,11956,199.3,5003.14,752.26,4937.85,5231.85,5415.13,4679.24,31000.71,0.00
28,pypy_3.11,laptop,on,rx,60.006,11492,191.5,5205.72,811.38,5147.54,5475.04,5799.70,4707.43,31935.14,0.00
29,pypy_3.11,laptop,on,rx,60.001,11908,198.5,5022.67,737.02,4962.89,5258.27,5425.39,4664.47,31792.51,0.00
30,pypy_3.11,laptop,on,rx,60.005,11446,190.8,5226.16,776.68,5158.13,5490.09,5683.90,4824.33,31602.38,0.00
1,pypy_3.11,rpi5,on,rx,60.001,6634,110.6,9007.80,1202.76,8932.26,9049.81,9202.06,8671.72,49046.48,0.00
2,pypy_3.11,rpi5,on,rx,60.001,6622,110.4,9023.61,1256.74,8948.17,9064.75,9223.03,8739.77,49256.17,0.00
3,pypy_3.11,rpi5,on,rx,60.007,6596,109.9,9063.25,1233.03,8991.35,9104.73,9179.46,8767.42,48541.16,0.00
4,pypy_3.11,rpi5,on,rx,60.000,6563,109.4,9104.69,1252.72,9030.70,9140.63,9213.47,8811.98,48437.96,0.00
5,pypy_3.11,rpi5,on,rx,60.007,6606,110.1,9048.67,1251.95,8974.21,9086.91,9169.25,8755.65,49115.00,0.00
6,pypy_3.11,rpi5,on,rx,60.004,6587,109.8,9074.03,1274.32,8999.26,9105.85,9183.46,8777.42,49426.63,0.00
7,pypy_3.11,rpi5,on,rx,60.001,6606,110.1,9046.81,1259.05,8973.08,9085.34,9155.97,8776.94,49421.94,0.00
8,pypy_3.11,rpi5,on,rx,60.002,6598,110.0,9058.06,1269.12,8982.03,9096.45,9171.37,8775.57,49158.79,0.00
9,pypy_3.11,rpi5,on,rx,60.009,6590,109.8,9070.08,1231.05,8995.79,9104.24,9171.41,8786.80,49702.04,0.00
10,pypy_3.11,rpi5,on,rx,60.006,6614,110.2,9036.58,1208.73,8964.49,9072.63,9148.22,8751.66,48601.92,0.00
11,pypy_3.11,rpi5,on,rx,60.000,6601,110.0,9053.05,1285.32,8977.60,9094.78,9170.47,8773.26,49317.51,0.00
12,pypy_3.11,rpi5,on,rx,60.001,6606,110.1,9047.83,1308.16,8972.68,9086.48,9168.17,8727.80,48455.11,0.00
13,pypy_3.11,rpi5,on,rx,60.005,6612,110.2,9038.77,1225.08,8963.29,9070.71,9156.71,8729.45,48807.59,0.00
14,pypy_3.11,rpi5,on,rx,60.003,6642,110.7,8996.56,1262.44,8922.03,9041.34,9222.73,8685.91,48226.84,0.00
15,pypy_3.11,rpi5,on,rx,60.005,6605,110.1,9045.52,1219.80,8972.45,9087.48,9158.38,8742.11,49503.84,0.00
16,pypy_3.11,rpi5,on,rx,60.006,6612,110.2,9039.55,1196.23,8964.37,9075.77,9150.55,8769.59,40348.49,0.00
17,pypy_3.11,rpi5,on,rx,60.002,6602,110.0,9050.17,1261.67,8977.45,9092.55,9163.69,8773.78,49304.88,0.00
18,pypy_3.11,rpi5,on,rx,60.005,6642,110.7,8997.07,1168.72,8922.20,9036.95,9115.76,8727.93,49653.32,0.00
19,pypy_3.11,rpi5,on,rx,60.007,6638,110.6,9003.66,1262.42,8930.20,9048.08,9136.92,8736.72,48118.50,0.00
20,pypy_3.11,rpi5,on,rx,60.001,6657,110.9,8978.09,1235.33,8905.00,9014.52,9090.65,8728.13,48956.61,0.00
21,pypy_3.11,rpi5,on,rx,60.004,6646,110.8,8993.61,1265.36,8920.44,9043.48,9148.46,8702.35,48963.18,0.00
22,pypy_3.11,rpi5,on,rx,60.004,6605,110.1,9047.73,1195.83,8972.28,9089.38,9241.81,8768.94,48091.72,0.00
23,pypy_3.11,rpi5,on,rx,60.008,6576,109.6,9088.23,1220.82,9012.87,9123.02,9224.61,8798.85,49558.01,0.00
24,pypy_3.11,rpi5,on,rx,60.002,6585,109.7,9075.18,1292.24,9000.13,9112.35,9205.71,8770.20,49064.86,0.00
25,pypy_3.11,rpi5,on,rx,60.002,6629,110.5,9016.47,1233.18,8939.74,9057.75,9155.63,8746.76,49415.11,0.00
26,pypy_3.11,rpi5,on,rx,60.002,6630,110.5,9013.89,1227.47,8939.58,9062.83,9202.98,8704.30,48932.49,0.00
27,pypy_3.11,rpi5,on,rx,60.007,6616,110.3,9033.14,1259.39,8959.76,9074.52,9217.36,8754.61,47942.68,0.00
28,pypy_3.11,rpi5,on,rx,60.003,6613,110.2,9037.15,1191.45,8961.06,9072.50,9237.15,8764.76,39913.18,0.00
29,pypy_3.11,rpi5,on,rx,60.003,6614,110.2,9035.06,1202.61,8959.94,9084.73,9208.60,8709.28,47993.68,0.00
30,pypy_3.11,rpi5,on,rx,60.003,6613,110.2,9034.85,1293.48,8959.39,9074.60,9160.75,8746.94,49443.85,0.00
1,cpython_3.13,rpi5,on,rx,60.005,9468,157.8,6327.08,47.97,6325.96,6399.90,6429.27,6165.70,7234.29,0.00
2,cpython_3.13,rpi5,on,rx,60.009,9553,159.2,6271.07,43.01,6271.36,6343.55,6371.48,6088.18,6508.90,0.00
3,cpython_3.13,rpi5,on,rx,60.009,9473,157.9,6324.05,43.66,6323.98,6395.70,6427.19,6167.02,6574.33,0.00
4,cpython_3.13,rpi5,on,rx,60.005,9482,158.0,6317.72,43.68,6317.55,6390.50,6420.51,6169.45,6544.01,0.00
5,cpython_3.13,rpi5,on,rx,60.010,9594,159.9,6244.35,42.86,6243.40,6314.74,6343.86,6074.27,6553.64,0.00
6,cpython_3.13,rpi5,on,rx,60.010,9468,157.8,6327.61,43.95,6328.50,6397.53,6430.57,6146.48,6650.94,0.00
7,cpython_3.13,rpi5,on,rx,60.007,9589,159.8,6247.40,43.21,6247.54,6317.14,6344.74,6094.98,6859.41,0.00
8,cpython_3.13,rpi5,on,rx,60.005,9472,157.9,6324.33,43.09,6324.70,6394.87,6424.26,6159.25,6636.19,0.00
9,cpython_3.13,rpi5,on,rx,60.005,9574,159.6,6257.21,43.41,6257.23,6327.74,6359.06,6096.18,6578.54,0.00
10,cpython_3.13,rpi5,on,rx,60.006,9479,158.0,6319.97,42.80,6320.14,6390.56,6420.75,6159.86,6565.34,0.00
11,cpython_3.13,rpi5,on,rx,60.008,9481,158.0,6318.62,43.42,6318.16,6389.75,6420.77,6156.66,6568.95,0.00
12,cpython_3.13,rpi5,on,rx,60.001,9477,157.9,6320.94,43.40,6321.00,6391.86,6424.92,6154.01,6547.92,0.00
13,cpython_3.13,rpi5,on,rx,60.000,9425,157.1,6322.52,44.40,6322.46,6394.05,6427.34,6150.03,6840.40,0.00
14,cpython_3.13,rpi5,on,rx,60.001,9609,160.1,6234.37,43.45,6234.01,6304.37,6335.56,6068.55,6529.24,0.00
15,cpython_3.13,rpi5,on,rx,60.005,9495,158.2,6308.99,43.73,6308.37,6379.23,6410.68,6158.46,6628.65,0.00
16,cpython_3.13,rpi5,on,rx,60.005,9470,157.8,6326.26,43.79,6325.85,6397.07,6431.05,6159.87,6608.80,0.00
17,cpython_3.13,rpi5,on,rx,60.005,9561,159.3,6265.53,43.33,6265.17,6337.57,6369.32,6089.76,6599.50,0.00
18,cpython_3.13,rpi5,on,rx,60.009,9492,158.2,6311.42,43.38,6311.46,6381.12,6412.50,6123.56,6599.58,0.00
19,cpython_3.13,rpi5,on,rx,60.007,9468,157.8,6327.79,42.90,6328.02,6396.34,6426.82,6151.80,6607.80,0.00
20,cpython_3.13,rpi5,on,rx,60.007,9478,157.9,6321.34,43.81,6321.43,6392.84,6423.42,6147.30,6617.54,0.00
21,cpython_3.13,rpi5,on,rx,60.005,9467,157.8,6328.28,43.27,6328.68,6397.98,6431.98,6164.30,6711.93,0.00
22,cpython_3.13,rpi5,on,rx,60.010,9591,159.8,6247.24,43.15,6247.30,6317.28,6349.39,6082.17,6537.38,0.00
23,cpython_3.13,rpi5,on,rx,60.003,9479,158.0,6319.86,43.17,6319.72,6391.30,6423.95,6147.63,6648.39,0.00
24,cpython_3.13,rpi5,on,rx,60.006,9484,158.1,6316.57,43.67,6316.33,6387.27,6418.93,6157.74,6588.65,0.00
25,cpython_3.13,rpi5,on,rx,60.005,9480,158.0,6319.05,43.22,6318.54,6389.65,6422.08,6152.30,6555.52,0.00
26,cpython_3.13,rpi5,on,rx,60.006,9479,158.0,6319.98,43.15,6319.54,6391.49,6422.08,6141.76,6606.75,0.00
27,cpython_3.13,rpi5,on,rx,60.001,9558,159.3,6267.64,43.21,6267.15,6338.60,6369.52,6080.77,6580.51,0.00
28,cpython_3.13,rpi5,on,rx,60.010,9591,159.8,6246.52,42.57,6246.49,6315.74,6345.67,6072.91,6569.12,0.00
29,cpython_3.13,rpi5,on,rx,60.008,9570,159.5,6259.89,42.98,6259.45,6329.49,6362.40,6113.30,6562.67,0.00
30,cpython_3.13,rpi5,on,rx,60.001,9598,160.0,6240.84,42.79,6241.08,6310.62,6339.75,6088.71,6532.45,0.00
1,rust-cv2x,mk6,on,rx,60.022,7523,125.3,3286.43,465.15,3048.49,4249.46,4410.23,2946.36,10507.96,0.00
2,rust-cv2x,mk6,on,rx,60.032,6434,107.2,3318.36,485.08,3062.50,4262.96,4449.11,2946.73,10488.46,0.00
3,rust-cv2x,mk6,on,rx,60.063,6411,106.7,3341.37,504.38,3085.37,4260.59,4509.98,2943.61,9226.11,0.00
4,rust-cv2x,mk6,on,rx,60.032,8328,138.7,3254.29,446.25,3042.62,4226.21,4405.73,2945.73,10503.71,0.00
5,rust-cv2x,mk6,on,rx,60.072,6926,115.3,3321.53,486.43,3083.50,4264.97,4453.85,2953.23,12174.97,0.00
6,rust-cv2x,mk6,on,rx,60.083,5872,97.7,3381.70,520.38,3113.50,4302.09,4521.86,2951.86,10383.33,0.00
7,rust-cv2x,mk6,on,rx,60.003,7506,125.1,3295.57,451.12,3064.87,4263.59,4444.60,2952.74,7504.85,0.00
8,rust-cv2x,mk6,on,rx,60.084,6776,112.8,3334.44,496.39,3083.25,4274.84,4486.11,2953.61,9636.27,0.00
9,rust-cv2x,mk6,on,rx,60.012,7083,118.0,3320.92,486.12,3078.49,4264.71,4476.23,2954.74,11732.06,0.00
10,rust-cv2x,mk6,on,rx,60.040,7132,118.8,3312.49,474.74,3064.12,4259.34,4419.48,2953.73,10460.83,0.00
11,rust-cv2x,mk6,on,rx,60.021,7215,120.2,3312.94,486.55,3070.99,4272.34,4471.86,2950.49,11856.57,0.00
12,rust-cv2x,mk6,on,rx,60.057,7265,121.0,3322.65,492.77,3079.37,4286.84,4577.49,2958.86,8696.44,0.00
13,rust-cv2x,mk6,on,rx,60.002,7546,125.8,3298.94,459.03,3074.74,4268.34,4473.36,2955.61,8331.04,0.00
14,rust-cv2x,mk6,on,rx,60.001,7071,117.8,3340.80,487.18,3107.00,4271.09,4508.98,2957.61,10937.75,0.00
15,rust-cv2x,mk6,on,rx,60.025,5997,99.9,3391.14,570.36,3130.62,4296.34,4587.99,2951.49,14385.27,0.00
16,rust-cv2x,mk6,on,rx,60.001,6921,115.3,3339.31,506.79,3087.75,4288.84,4497.61,2955.36,9614.89,0.00
17,rust-cv2x,mk6,on,rx,60.002,6739,112.3,3338.74,531.49,3078.75,4280.97,4484.98,2957.24,11350.40,0.00
18,rust-cv2x,mk6,on,rx,60.001,7350,122.5,3313.15,476.48,3073.87,4270.34,4460.36,2956.11,9191.11,0.00
19,rust-cv2x,mk6,on,rx,60.003,6662,111.0,3338.01,483.97,3087.75,4270.71,4518.11,2953.74,8723.20,0.00
20,rust-cv2x,mk6,on,rx,60.058,7385,123.0,3341.58,513.29,3120.75,4269.84,4502.98,2957.86,13225.32,0.00
21,rust-cv2x,mk6,on,rx,60.000,7027,117.1,3317.85,473.16,3079.25,4271.59,4504.48,2955.36,10847.74,0.00
22,rust-cv2x,mk6,on,rx,60.030,6439,107.3,3347.26,513.34,3079.87,4286.72,4530.61,2953.73,10515.09,0.00
23,rust-cv2x,mk6,on,rx,60.000,8652,144.2,3265.77,447.71,3054.12,4239.84,4447.85,2950.99,9137.60,0.00
24,rust-cv2x,mk6,on,rx,60.000,6754,112.6,3339.39,488.38,3096.00,4275.97,4503.11,2953.49,8779.83,0.00
25,rust-cv2x,mk6,on,rx,60.005,7355,122.6,3304.95,482.86,3063.49,4267.22,4459.10,2952.86,10308.82,0.00
26,rust-cv2x,mk6,on,rx,60.001,7729,128.8,3293.09,475.85,3052.12,4264.22,4469.61,2953.61,9214.74,0.00
27,rust-cv2x,mk6,on,rx,60.001,7533,125.5,3287.57,447.48,3060.25,4259.59,4428.10,2952.99,9507.01,0.00
28,rust-cv2x,mk6,on,rx,60.002,7259,121.0,3312.80,499.42,3073.39,4268.59,4495.11,2951.61,11760.69,0.00
29,rust-cv2x,mk6,on,rx,60.007,6966,116.1,3340.07,476.83,3101.75,4269.09,4479.23,2950.74,8584.56,0.00
30,rust-cv2x,mk6,on,rx,60.057,6104,101.6,3350.07,501.85,3074.99,4269.72,4471.86,2949.86,8460.05,0.00
1,rust-cv2x,mk6,on,security-verify,60.000,20230,337.2,2964.27,89.11,2921.61,3157.87,3201.26,2887.23,3281.39,2964.27
2,rust-cv2x,mk6,on,security-verify,60.002,20205,336.7,2968.00,87.07,2925.23,3156.25,3202.26,2891.98,3284.76,2968.00
3,rust-cv2x,mk6,on,security-verify,60.002,20195,336.6,2969.53,93.30,2924.61,3165.63,3221.51,2889.23,3572.16,2969.53
4,rust-cv2x,mk6,on,security-verify,60.002,20238,337.3,2963.24,92.76,2919.23,3162.00,3206.88,2886.85,3888.68,2963.24
5,rust-cv2x,mk6,on,security-verify,60.000,20196,336.6,2969.38,93.54,2923.61,3166.00,3224.26,2886.98,3959.07,2969.38
6,rust-cv2x,mk6,on,security-verify,60.002,20206,336.8,2967.90,90.93,2923.48,3161.38,3212.38,2887.86,3496.53,2967.90
7,rust-cv2x,mk6,on,security-verify,60.003,20243,337.4,2962.52,90.48,2920.11,3158.38,3203.63,2885.36,3293.26,2962.52
8,rust-cv2x,mk6,on,security-verify,60.003,20250,337.5,2961.55,91.56,2917.48,3158.63,3204.13,2885.86,3358.52,2961.55
9,rust-cv2x,mk6,on,security-verify,60.001,20212,336.9,2967.03,89.18,2923.11,3161.25,3205.01,2890.98,3304.01,2967.03
10,rust-cv2x,mk6,on,security-verify,60.000,20210,336.8,2967.22,94.19,2923.36,3166.50,3220.38,2888.86,3964.44,2967.22
11,rust-cv2x,mk6,on,security-verify,60.000,20219,337.0,2965.87,94.09,2920.36,3163.75,3219.13,2885.98,3579.03,2965.87
12,rust-cv2x,mk6,on,security-verify,60.002,20224,337.1,2965.32,90.29,2921.98,3161.13,3206.63,2887.73,3285.14,2965.32
13,rust-cv2x,mk6,on,security-verify,60.000,20240,337.3,2962.85,95.22,2917.86,3162.75,3217.51,2883.36,3558.53,2962.85
14,rust-cv2x,mk6,on,security-verify,60.002,20198,336.6,2969.05,98.50,2921.98,3170.75,3242.26,2886.11,3611.91,2969.05
15,rust-cv2x,mk6,on,security-verify,60.002,20187,336.4,2970.70,94.74,2924.73,3167.13,3225.88,2889.11,4742.01,2970.70
16,rust-cv2x,mk6,on,security-verify,60.000,20215,336.9,2966.48,95.91,2920.98,3166.25,3224.63,2886.98,3567.28,2966.48
17,rust-cv2x,mk6,on,security-verify,60.000,20233,337.2,2963.86,96.20,2918.23,3164.88,3223.13,2885.73,3550.28,2963.86
18,rust-cv2x,mk6,on,security-verify,60.000,20235,337.2,2963.55,93.13,2919.73,3160.88,3211.26,2885.98,3674.42,2963.55
19,rust-cv2x,mk6,on,security-verify,60.002,20219,337.0,2966.05,89.03,2922.36,3159.88,3203.01,2887.98,3307.39,2966.05
20,rust-cv2x,mk6,on,security-verify,60.000,20223,337.0,2965.37,89.59,2921.73,3159.13,3203.63,2886.86,4058.95,2965.37
21,rust-cv2x,mk6,on,security-verify,60.001,20252,337.5,2961.20,92.17,2917.48,3159.75,3203.26,2886.36,3618.79,2961.20
22,rust-cv2x,mk6,on,security-verify,60.002,20245,337.4,2962.17,93.55,2918.48,3158.88,3208.63,2884.98,3531.16,2962.17
23,rust-cv2x,mk6,on,security-verify,60.001,20221,337.0,2965.80,95.90,2920.61,3165.75,3230.13,2884.35,4315.60,2965.80
24,rust-cv2x,mk6,on,security-verify,60.001,20230,337.2,2964.36,91.07,2920.98,3161.00,3205.63,2887.11,3297.26,2964.36
25,rust-cv2x,mk6,on,security-verify,60.000,20255,337.6,2960.64,91.38,2916.98,3156.25,3200.88,2884.48,3279.51,2960.64
26,rust-cv2x,mk6,on,security-verify,60.001,20231,337.2,2964.19,91.81,2920.61,3161.25,3206.26,2888.73,3301.89,2964.19
27,rust-cv2x,mk6,on,security-verify,60.002,20182,336.4,2971.27,91.26,2926.23,3164.50,3215.26,2890.73,4002.57,2971.27
28,rust-cv2x,mk6,on,security-verify,60.002,20197,336.6,2969.35,93.00,2924.23,3167.13,3215.63,2889.36,3507.53,2969.35
29,rust-cv2x,mk6,on,security-verify,60.001,20233,337.2,2963.87,95.46,2920.73,3161.13,3210.51,2887.73,6443.27,2963.87
30,rust-cv2x,mk6,on,security-verify,60.001,20198,336.6,2969.10,101.48,2921.48,3176.75,3250.13,2886.98,4081.45,2969.10
1,rust,laptop,on,rx,60.000,186700,3111.7,365.61,209.46,359.09,400.62,452.28,319.20,20519.88,0.00
2,rust,laptop,on,rx,60.000,187618,3127.0,362.94,173.19,352.45,397.93,500.00,319.51,11702.28,0.00
3,rust,laptop,on,rx,60.000,189215,3153.6,354.29,48.01,350.53,391.06,435.05,319.39,6267.66,0.00
4,rust,laptop,on,rx,60.000,189147,3152.4,358.57,162.20,350.04,391.02,464.07,318.73,11960.40,0.00
5,rust,laptop,on,rx,60.000,190485,3174.7,352.68,138.09,348.65,381.44,422.56,319.54,15575.92,0.00
6,rust,laptop,on,rx,60.000,190757,3179.3,349.51,123.40,345.45,377.92,412.34,319.17,13956.31,0.00
7,rust,laptop,on,rx,60.000,188238,3137.3,359.64,160.28,351.42,393.89,487.47,319.31,13530.04,0.00
8,rust,laptop,on,rx,60.000,186489,3108.1,364.37,136.69,359.20,401.73,455.06,319.90,14823.90,0.00
9,rust,laptop,on,rx,60.000,189336,3155.6,356.71,189.55,349.29,391.47,457.83,318.75,19232.64,0.00
10,rust,laptop,on,rx,60.000,190048,3167.5,355.68,272.31,348.92,384.34,428.71,318.99,26984.56,0.00
11,rust,laptop,on,rx,60.000,184600,3076.7,378.01,301.54,362.65,405.99,516.91,319.94,19843.05,0.00
12,rust,laptop,on,rx,60.000,188071,3134.5,360.04,154.27,353.99,397.50,441.36,319.26,16025.80,0.00
13,rust,laptop,on,rx,60.000,189537,3158.9,356.85,175.59,350.02,389.94,434.44,318.83,15197.42,0.00
14,rust,laptop,on,rx,60.000,184856,3080.9,369.49,156.46,364.48,402.66,450.27,320.40,15297.39,0.00
15,rust,laptop,on,rx,60.000,189551,3159.2,354.41,133.27,349.72,389.34,428.44,319.33,15993.45,0.00
16,rust,laptop,on,rx,60.000,187883,3131.4,360.11,152.75,351.72,395.90,483.16,318.47,14619.43,0.00
17,rust,laptop,on,rx,60.000,187140,3119.0,361.48,144.06,356.57,398.81,441.64,319.09,17822.36,0.00
18,rust,laptop,on,rx,60.000,189706,3161.8,357.35,210.32,349.66,388.60,438.69,318.50,17745.74,0.00
19,rust,laptop,on,rx,60.000,190548,3175.8,351.66,104.41,348.08,382.79,424.16,318.86,12551.54,0.00
20,rust,laptop,on,rx,60.000,189667,3161.1,352.57,29.26,349.92,387.70,427.03,318.93,4147.13,0.00
21,rust,laptop,on,rx,60.000,189084,3151.4,357.00,173.17,351.06,392.16,438.22,319.24,19308.33,0.00
22,rust,laptop,on,rx,60.000,188279,3138.0,373.53,414.30,350.46,394.34,517.08,319.20,26691.66,0.00
23,rust,laptop,on,rx,60.000,189771,3162.8,352.84,26.44,350.08,389.61,423.40,319.19,2280.71,0.00
24,rust,laptop,on,rx,60.000,190784,3179.7,353.26,212.51,346.96,381.07,419.26,318.85,16616.50,0.00
25,rust,laptop,on,rx,60.000,185744,3095.7,374.88,422.32,359.92,404.34,505.48,319.15,32228.18,0.00
26,rust,laptop,on,rx,60.000,190401,3173.3,349.96,28.04,347.32,382.90,435.79,319.49,2598.34,0.00
27,rust,laptop,on,rx,60.000,190312,3171.9,354.52,215.88,348.03,383.90,446.19,319.01,21414.31,0.00
28,rust,laptop,on,rx,60.000,187963,3132.7,382.21,665.16,351.19,397.34,516.03,319.11,40287.04,0.00
29,rust,laptop,on,rx,60.000,189912,3165.2,353.30,113.82,349.74,384.66,424.83,318.99,14175.14,0.00
30,rust,laptop,on,rx,60.000,187124,3118.7,363.94,162.38,354.57,400.78,495.70,319.76,12440.33,0.00
1,rust,laptop,on,security-verify,60.000,195369,3256.1,307.04,15.02,305.11,312.18,332.30,301.99,810.83,307.04
2,rust,laptop,on,security-verify,60.000,193234,3220.6,310.42,21.83,306.05,321.79,442.23,302.65,1277.94,310.42
3,rust,laptop,on,security-verify,60.000,195099,3251.6,307.46,19.41,305.18,312.36,342.45,302.01,1026.00,307.46
4,rust,laptop,on,security-verify,60.000,195774,3262.9,306.40,11.64,304.83,311.51,325.04,301.88,865.80,306.40
5,rust,laptop,on,security-verify,60.000,195506,3258.4,306.82,18.44,304.84,311.41,329.84,301.84,900.60,306.82
6,rust,laptop,on,security-verify,60.000,195439,3257.3,306.93,16.16,304.86,312.09,335.95,301.85,899.55,306.93
7,rust,laptop,on,security-verify,60.000,196104,3268.4,305.89,7.46,304.84,311.28,316.97,301.95,892.25,305.89
8,rust,laptop,on,security-verify,60.000,195872,3264.5,306.25,11.35,304.88,311.64,319.22,301.72,671.26,306.25
9,rust,laptop,on,security-verify,60.000,194798,3246.6,307.93,19.59,304.96,312.71,446.78,301.94,1028.26,307.93
10,rust,laptop,on,security-verify,60.000,195790,3263.2,306.38,12.60,304.81,311.40,325.87,301.82,1037.02,306.38
11,rust,laptop,on,security-verify,60.000,195411,3256.8,306.97,18.38,304.99,311.93,327.04,301.94,2052.48,306.97
12,rust,laptop,on,security-verify,60.000,195531,3258.8,306.78,17.68,304.89,311.57,326.09,301.84,903.40,306.78
13,rust,laptop,on,security-verify,60.000,196077,3267.9,305.93,8.96,304.62,311.69,321.35,301.63,619.88,305.93
14,rust,laptop,on,security-verify,60.000,195734,3262.2,306.46,12.34,304.92,311.95,323.88,301.91,944.43,306.46
15,rust,laptop,on,security-verify,60.000,195585,3259.7,306.70,12.37,305.12,312.53,323.44,302.09,1046.75,306.70
16,rust,laptop,on,security-verify,60.000,196199,3270.0,305.74,6.36,304.85,310.91,316.40,301.90,904.39,305.74
17,rust,laptop,on,security-verify,60.000,195934,3265.6,306.15,7.98,304.94,311.97,321.43,301.77,859.76,306.15
18,rust,laptop,on,security-verify,60.000,195109,3251.8,307.44,17.49,304.86,312.87,377.65,301.70,1156.90,307.44
19,rust,laptop,on,security-verify,60.000,194809,3246.8,307.92,23.80,304.68,311.98,441.44,301.60,1002.86,307.92
20,rust,laptop,on,security-verify,60.000,195448,3257.5,306.91,18.00,304.92,311.63,330.27,301.90,870.03,306.91
21,rust,laptop,on,security-verify,60.000,195303,3255.0,307.13,43.33,304.75,311.56,337.64,301.81,16593.63,307.13
22,rust,laptop,on,security-verify,60.000,196187,3269.8,305.76,5.92,304.77,311.69,317.34,301.51,821.30,305.76
23,rust,laptop,on,security-verify,60.000,194389,3239.8,308.58,23.02,304.81,314.06,459.03,301.63,2626.91,308.58
24,rust,laptop,on,security-verify,60.000,195777,3262.9,306.40,10.73,305.00,311.87,325.51,301.94,1022.47,306.40
25,rust,laptop,on,security-verify,60.000,195509,3258.5,306.82,15.83,305.00,311.70,328.89,301.93,1669.51,306.82
26,rust,laptop,on,security-verify,60.000,195589,3259.8,306.69,17.99,304.88,310.80,323.43,301.92,986.09,306.69
27,rust,laptop,on,security-verify,60.000,194656,3244.3,308.16,46.85,304.74,312.60,458.11,301.63,18381.02,308.16
28,rust,laptop,on,security-verify,60.000,195204,3253.4,307.30,19.39,305.18,311.86,330.26,302.30,907.68,307.30
29,rust,laptop,on,security-verify,60.000,195986,3266.4,306.07,9.46,304.89,311.49,319.75,301.73,1049.99,306.07
30,rust,laptop,on,security-verify,60.000,195531,3258.8,306.78,16.47,304.81,312.13,328.43,301.77,1056.66,306.78
1,rust,rpi5,on,rx,60.000,88073,1467.9,697.41,3.86,696.60,702.08,706.35,693.26,991.91,0.00
2,rust,rpi5,on,rx,60.001,88069,1467.8,696.47,2.10,695.80,699.58,703.37,693.32,775.87,0.00
3,rust,rpi5,on,rx,60.000,88078,1468.0,695.93,2.13,695.22,699.32,702.69,693.32,773.87,0.00
4,rust,rpi5,on,rx,60.000,88068,1467.8,696.77,2.22,696.10,699.85,704.26,693.30,782.50,0.00
5,rust,rpi5,on,rx,60.001,88077,1467.9,697.51,3.70,696.80,702.15,706.26,693.45,966.21,0.00
6,rust,rpi5,on,rx,60.000,88078,1468.0,695.83,2.22,695.15,698.80,702.85,693.10,766.67,0.00
7,rust,rpi5,on,rx,60.000,88076,1467.9,697.27,5.34,696.13,702.78,707.74,693.41,1042.76,0.00
8,rust,rpi5,on,rx,60.001,88075,1467.9,696.77,2.00,696.11,699.85,703.69,693.52,749.47,0.00
9,rust,rpi5,on,rx,60.000,88074,1467.9,696.87,2.10,696.21,699.89,703.63,693.37,753.74,0.00
10,rust,rpi5,on,rx,60.000,88074,1467.9,696.89,2.16,696.22,700.04,704.22,693.70,750.70,0.00
11,rust,rpi5,on,rx,60.000,88079,1468.0,696.39,2.89,695.74,699.50,703.39,693.28,1225.24,0.00
12,rust,rpi5,on,rx,60.000,88079,1468.0,696.64,1.98,695.98,699.71,703.46,693.76,774.87,0.00
13,rust,rpi5,on,rx,60.000,88079,1468.0,697.38,4.35,696.58,701.95,705.82,693.24,966.87,0.00
14,rust,rpi5,on,rx,60.000,88080,1468.0,696.16,3.30,695.30,700.48,704.93,692.98,1032.08,0.00
15,rust,rpi5,on,rx,60.000,88078,1468.0,696.47,2.11,695.82,699.52,703.04,693.09,906.74,0.00
16,rust,rpi5,on,rx,60.000,87167,1452.8,704.46,96.66,695.84,719.65,759.65,692.13,12103.42,0.00
17,rust,rpi5,on,rx,60.000,86333,1438.9,711.03,30.36,711.24,738.74,762.06,691.72,4127.18,0.00
18,rust,rpi5,on,rx,60.000,87878,1464.6,699.01,7.44,696.45,713.28,721.84,693.39,1127.87,0.00
19,rust,rpi5,on,rx,60.000,88078,1468.0,697.36,7.00,696.11,702.96,708.06,692.84,1209.47,0.00
20,rust,rpi5,on,rx,60.000,88073,1467.9,696.27,3.48,695.41,700.37,704.20,693.00,1199.78,0.00
21,rust,rpi5,on,rx,60.000,88063,1467.7,697.63,3.37,696.85,702.35,706.89,693.61,1205.15,0.00
22,rust,rpi5,on,rx,60.001,88078,1468.0,696.00,2.15,695.28,699.48,703.47,693.30,839.28,0.00
23,rust,rpi5,on,rx,60.001,88078,1468.0,697.51,8.75,696.50,702.19,705.82,693.74,1221.37,0.00
24,rust,rpi5,on,rx,60.000,88072,1467.9,697.48,2.70,696.72,702.13,706.08,693.74,796.00,0.00
25,rust,rpi5,on,rx,60.000,88066,1467.8,696.98,8.32,696.06,700.59,704.67,693.24,1404.37,0.00
26,rust,rpi5,on,rx,60.000,88075,1467.9,695.98,2.17,695.26,699.39,703.43,693.32,783.50,0.00
27,rust,rpi5,on,rx,60.000,88073,1467.9,697.51,2.67,696.83,702.19,706.41,693.70,790.48,0.00
28,rust,rpi5,on,rx,60.000,88068,1467.8,697.57,2.64,696.91,702.22,706.32,693.78,758.20,0.00
29,rust,rpi5,on,rx,60.000,88070,1467.8,697.41,3.17,696.59,702.02,705.78,693.91,1156.08,0.00
30,rust,rpi5,on,rx,60.000,88070,1467.8,695.86,2.10,695.13,699.35,703.22,692.96,764.04,0.00
1,rust,rpi5,on,security-verify,60.000,87438,1457.3,685.63,1.49,685.22,687.46,688.41,684.52,800.89,685.63
2,rust,rpi5,on,security-verify,60.001,87439,1457.3,685.63,1.35,685.24,687.46,688.26,684.54,744.35,685.63
3,rust,rpi5,on,security-verify,60.000,87465,1457.7,685.42,1.36,685.02,687.24,688.02,684.32,749.61,685.42
4,rust,rpi5,on,security-verify,60.000,87419,1457.0,685.78,1.34,685.39,687.63,688.50,684.74,749.06,685.78
5,rust,rpi5,on,security-verify,60.000,87460,1457.7,685.46,1.36,685.08,687.30,688.08,684.32,745.84,685.46
6,rust,rpi5,on,security-verify,60.000,87407,1456.8,685.88,1.36,685.48,687.72,688.52,684.78,744.98,685.88
7,rust,rpi5,on,security-verify,60.000,87537,1458.9,684.85,1.32,684.46,686.67,687.46,683.74,744.39,684.85
8,rust,rpi5,on,security-verify,60.001,87512,1458.5,685.06,1.40,684.65,686.89,687.74,683.91,745.91,685.06
9,rust,rpi5,on,security-verify,60.000,87453,1457.5,685.52,1.34,685.11,687.37,688.17,684.43,747.08,685.52
10,rust,rpi5,on,security-verify,60.000,87521,1458.7,684.98,1.36,684.58,686.82,687.67,683.82,751.69,684.98
11,rust,rpi5,on,security-verify,60.000,87445,1457.4,685.58,1.33,685.19,687.41,688.22,684.45,749.72,685.58
12,rust,rpi5,on,security-verify,60.001,87461,1457.7,685.46,1.38,685.06,687.30,688.11,684.30,781.59,685.46
13,rust,rpi5,on,security-verify,60.000,87445,1457.4,685.58,1.34,685.19,687.41,688.19,684.52,744.19,685.58
14,rust,rpi5,on,security-verify,60.001,87543,1459.0,684.81,1.35,684.43,686.65,687.41,683.74,745.57,684.81
15,rust,rpi5,on,security-verify,60.000,87510,1458.5,685.07,1.30,684.69,686.91,687.63,683.96,744.15,685.07
16,rust,rpi5,on,security-verify,60.000,87467,1457.8,685.41,1.55,685.00,687.22,688.09,684.22,848.84,685.41
17,rust,rpi5,on,security-verify,60.001,87192,1453.2,687.57,1.34,687.19,689.39,690.11,686.47,741.65,687.57
18,rust,rpi5,on,security-verify,60.000,87400,1456.7,685.93,1.53,685.52,687.80,688.78,684.70,808.78,685.93
19,rust,rpi5,on,security-verify,60.000,87548,1459.1,684.77,1.32,684.39,686.59,687.35,683.67,745.96,684.77
20,rust,rpi5,on,security-verify,60.001,87453,1457.5,685.52,1.43,685.11,687.33,688.21,684.34,748.22,685.52
21,rust,rpi5,on,security-verify,60.000,87487,1458.1,685.25,1.33,684.85,687.09,687.80,684.19,743.32,685.25
22,rust,rpi5,on,security-verify,60.000,87496,1458.3,685.18,1.36,684.78,687.02,687.76,684.04,746.34,685.18
23,rust,rpi5,on,security-verify,60.000,87505,1458.4,685.10,2.35,684.69,686.91,687.89,683.96,1185.65,685.10
24,rust,rpi5,on,security-verify,60.000,87410,1456.8,685.85,1.32,685.46,687.69,688.48,684.67,747.19,685.85
25,rust,rpi5,on,security-verify,60.001,87472,1457.9,685.37,1.34,684.98,687.20,688.02,684.28,744.78,685.37
26,rust,rpi5,on,security-verify,60.000,87537,1458.9,684.86,1.34,684.46,686.69,687.50,683.72,745.06,684.86
27,rust,rpi5,on,security-verify,60.001,87500,1458.3,685.15,1.52,684.74,686.98,687.95,684.06,805.65,685.15
28,rust,rpi5,on,security-verify,60.000,87438,1457.3,685.63,1.34,685.24,687.46,688.22,684.54,747.04,685.63
29,rust,rpi5,on,security-verify,60.001,87465,1457.7,685.42,1.50,685.02,687.26,688.15,684.32,809.46,685.42
30,rust,rpi5,on,security-verify,60.000,87468,1457.8,685.40,1.44,685.00,687.22,688.09,684.24,751.74,685.40